,serialNm,tradeYM,tradeDay,buildYear,dong,aptName,jySize,floor,price,siguCode,dongCode,add1
0,11680-586,2020-01,3,2004, 역삼동,현대하이츠,99.22,4,77000,11680,10100,775-15
1,11680-665,2020-01,3,2003, 역삼동,우림루미아트1,24,8,20200,11680,10100,706-11
2,11680-251,2020-01,4,1996, 역삼동,한스빌(836),41.95,11,39500,11680,10100,836
3,11680-237,2020-01,6,1998, 역삼동,동부센트레빌,59.82,21,148800,11680,10100,716
4,11680-4050,2020-01,6,2012, 역삼동,강남서해더블루,62.26,10,85000,11680,10100,796-29
5,11680-665,2020-01,6,2003, 역삼동,우림루미아트1,23.9,7,20400,11680,10100,706-11
6,11680-274,2020-01,6,2002, 역삼동,트레벨,33.48,4,56000,11680,10100,766-8
7,11680-271,2020-01,9,2002, 역삼동,갤러리하우스,76.52,5,74950,11680,10100,783-3
8,11680-665,2020-01,9,2003, 역삼동,우림루미아트1,23.9,10,20500,11680,10100,706-11
9,11680-3621,2020-01,11,2005, 역삼동,역삼래미안,59.4,20,157500,11680,10100,757
10,11680-3643,2020-01,11,2006, 역삼동,역삼푸르지오,84.9097,2,208000,11680,10100,754-1
11,11680-260,2020-01,13,2002, 역삼동,풍림 지오빌,42.69,3,45000,11680,10100,635-5
12,11680-3679,2020-01,13,2006, 역삼동,역삼 I'PARK,130.156,16,270000,11680,10100,713-11
13,11680-492,2020-01,14,2004, 역삼동,성영forU,115.4,3,125000,11680,10100,681-46
14,11680-241,2020-01,15,1998, 역삼동,세종빌라트,122.45,1,55000,11680,10100,791-23
15,11680-504,2020-01,16,2004, 역삼동,역삼동우정에쉐르1,57.98,12,65000,11680,10100,826-29
16,11680-490,2020-01,18,2001, 역삼동,역삼예명,67.08,3,58000,11680,10100,664-5
17,11680-249,2020-01,20,2001, 역삼동,한화진넥스빌,39.2,13,35800,11680,10100,706-20
18,11680-275,2020-01,20,2002, 역삼동,대우디오빌,30.03,6,32000,11680,10100,720-25
19,11680-462,2020-01,28,2003, 역삼동,지석천평대,63.03,4,55500,11680,10100,789-29
20,11680-280,2020-01,4,1992, 개포동,성원대치2단지아파트,49.86,6,124500,11680,10300,12
21,,2020-01,4,2019, 개포동,디에이치아너힐즈,94.29,12,285000,11680,10300,138
22,11680-505,2020-01,6,2004, 개포동,개포자이(12-2),134.3,17,203000,11680,10300,12-2
23,11680-283,2020-01,9,1984, 개포동,개포우성3차,133.46,3,220000,11680,10300,652
24,11680-280,2020-01,10,1992, 개포동,성원대치2단지아파트,39.53,2,103000,11680,10300,12
25,11680-279,2020-01,11,1992, 개포동,삼익대청아파트,60,14,146000,11680,10300,12
26,11680-578,2020-01,12,1983, 개포동,개포주공 7단지,60.76,2,171000,11680,10300,185
27,11680-280,2020-01,13,1992, 개포동,성원대치2단지아파트,39.53,14,111000,11680,10300,12
28,11680-290,2020-01,14,1983, 개포동,개포주공 6단지,60.13,14,180000,11680,10300,185
29,,2020-01,17,2019, 개포동,래미안블레스티지,59.897,4,188000,11680,10300,1280
30,11680-280,2020-01,28,1992, 개포동,성원대치2단지아파트,39.53,3,107000,11680,10300,12
31,11680-279,2020-01,31,1992, 개포동,삼익대청아파트,39.53,13,100500,11680,10300,12
32,11680-3574,2020-01,4,2005, 청담동,휴먼스타빌,35.905,22,60000,11680,10400,5-25
33,11680-98,2020-01,10,2002, 청담동,청담대림e-편한세상,113.57,8,195000,11680,10400,30-33
34,11680-4004,2020-01,11,2011, 청담동,청담자이,49.618,24,176000,11680,10400,134-38
35,11680-4364,2020-01,14,2015, 청담동,청담스위트,14.224,3,22000,11680,10400,34-13
36,11680-3736,2020-01,15,2007, 청담동,청담범신칼릭스빌2차,102.69,3,143000,11680,10400,109-16
37,11680-41,2020-01,18,1999, 청담동,삼환,84.88,1,144000,11680,10400,10
38,11680-4364,2020-01,18,2015, 청담동,청담스위트,13.425,3,21600,11680,10400,34-13
39,11680-41,2020-01,18,1999, 청담동,삼환,114.97,5,167000,11680,10400,10
40,11680-4004,2020-01,30,2011, 청담동,청담자이,49.619,26,176000,11680,10400,134-38
41,11680-4364,2020-01,31,2015, 청담동,청담스위트,13.425,3,23000,11680,10400,34-13
42,11680-3830,2020-01,3,2008, 삼성동,현대힐스테이트 2단지,84.679,5,224500,11680,10500,50
43,11680-3830,2020-01,8,2008, 삼성동,현대힐스테이트 2단지,38.671,21,124500,11680,10500,50
44,11680-177,2020-01,10,1998, 삼성동,서광아파트,59.67,4,145000,11680,10500,2
45,11680-525,2020-01,10,2004, 삼성동,미켈란147,83.69,16,148000,11680,10500,147-2
46,11680-3582,2020-01,16,2005, 삼성동,삼성팰리스,174.1,6,161000,11680,10500,129-5
47,11680-3641,2020-01,17,2005, 삼성동,삼성동 롯데캐슬 킹덤,170.8,12,295000,11680,10500,43
48,11680-3696,2020-01,20,2006, 삼성동,삼성팰리스(71-16),114.26,8,145000,11680,10500,71-16
49,11680-3632,2020-01,30,2005, 삼성동,레미안삼성1차(104),125.8,11,245000,11680,10500,104-10
50,11680-532,2020-01,2,2004, 대치동,포스코더샵,139.54,3,247000,11680,10600,902
51,11680-3752,2020-01,2,2008, 대치동,대치아이파크,114.97,10,300000,11680,10600,888
52,11680-4394,2020-01,4,2015, 대치동,래미안대치팰리스,94.5,11,340000,11680,10600,1027
53,11680-580,2020-01,7,2004, 대치동,대치동우정에쉐르1,79.07,2,84000,11680,10600,891-28
54,11680-528,2020-01,8,2004, 대치동,선릉역대우아이빌(890-49),25.42,14,24500,11680,10600,890-49
55,11680-601,2020-01,9,2005, 대치동,동부센트레빌,145.83,8,375000,11680,10600,670
56,11680-3752,2020-01,11,2008, 대치동,대치아이파크,84.95,12,247000,11680,10600,888
57,11680-225,2020-01,13,1990, 대치동,현대1,84.27,4,165000,11680,10600,992
58,11680-218,2020-01,14,1979, 대치동,은마,84.43,13,220000,11680,10600,316
59,11680-3752,2020-01,14,2008, 대치동,대치아이파크,84.93,9,252500,11680,10600,888
60,11680-3559,2020-01,14,1985, 대치동,선경2차(8동-12동),127.75,12,300000,11680,10600,506
61,11680-217,2020-01,20,1984, 대치동,"대치우성아파트1동, 2동, 3동, 5동, 6동, 7동",84.69,2,208000,11680,10600,63
62,11680-529,2020-01,21,2004, 대치동,테헤란로대우아이빌(891-6),29.02,13,34000,11680,10600,891-6
63,11680-601,2020-01,23,2005, 대치동,동부센트레빌,145.83,20,370000,11680,10600,670
64,11680-3673,2020-01,4,2006, 신사동,신사아이빌,90.35,4,88000,11680,10700,522
65,11680-547,2020-01,7,2004, 신사동,현대아인빌,138.7,3,164000,11680,10700,569-1
66,11680-3821,2020-01,7,2008, 신사동,래미안신사,84.89,3,137000,11680,10700,506-9
67,11680-3740,2020-01,9,2007, 신사동,Ruden House,73.22,-1,39000,11680,10700,524-8
68,11680-3740,2020-01,22,2007, 신사동,Ruden House,84.98,4,88000,11680,10700,524-8
69,11680-3821,2020-01,23,2008, 신사동,래미안신사,84.89,10,145000,11680,10700,506-9
70,11680-546,2020-01,29,2004, 신사동,신사파크빌라B동,131.99,1,85000,11680,10700,562-24
71,11680-556,2020-01,14,2004, 논현동,제이빌,75.12,2,80000,11680,10800,108-2
72,11680-141,2020-01,17,1976, 논현동,"청학아파트 에이동,비동,씨동",85.12,5,110000,11680,10800,62-3
73,11680-697,2020-01,17,2004, 논현동,스위트캐슬레지던스,203.17,6,240000,11680,10800,55
74,11680-109,2020-01,18,1997, 논현동,신동아(22),84.52,11,144000,11680,10800,22
75,11680-109,2020-01,20,1997, 논현동,신동아(22),114.34,13,165000,11680,10800,22
76,11680-3726,2020-01,20,2007, 논현동,논현파라곤,120.21,12,150000,11680,10800,241-1
77,11680-559,2020-01,20,2004, 논현동,두산위브2단지,83.464,9,137000,11680,10800,258
78,11680-109,2020-01,30,1997, 논현동,신동아(22),35.73,11,80000,11680,10800,22
79,11680-4202,2020-01,31,2013, 논현동,한양수자인어반게이트,16.2,3,21200,11680,10800,221-7
80,11680-20,2020-01,3,1987, 압구정동,미성2차,74.4,13,210000,11680,11000,397
81,11680-415,2020-01,11,1976, 압구정동,"현대1차(12,13,21,22,31,32,33동)",131.49,11,299000,11680,11000,369-1
82,11680-20,2020-01,16,1987, 압구정동,미성2차,118.63,5,270000,11680,11000,397
83,11680-378,2020-01,18,1977, 압구정동,한양1차(영동한양),78.05,6,213000,11680,11000,490
84,11680-423,2020-01,22,1982, 압구정동,신현대9차,108.88,4,280000,11680,11000,426
85,11680-415,2020-01,30,1976, 압구정동,"현대1차(12,13,21,22,31,32,33동)",196.21,14,470000,11680,11000,369-1
86,11680-4199,2020-01,6,2013, 세곡동,강남엘에이치1단지,74.74,4,106500,11680,11100,579
87,11680-4090,2020-01,11,2012, 세곡동,세곡푸르지오,74.74,14,124000,11680,11100,533
88,11680-4003,2020-01,28,2011, 세곡동,강남데시앙파크,114.69,4,125000,11680,11100,525
89,11680-4090,2020-01,28,2012, 세곡동,세곡푸르지오,59.89,5,108500,11680,11100,533
90,11680-4090,2020-01,30,2012, 세곡동,세곡푸르지오,59.89,13,107000,11680,11100,533
91,11680-4319,2020-01,18,2014, 자곡동,래미안강남힐즈,91.96,3,146000,11680,11200,611
92,11680-4399,2020-01,9,2015, 율현동,강남한신휴플러스8단지,101.96,4,130000,11680,11300,BL-8
93,11680-308,2020-01,3,1994, 일원동,푸른마을 아파트 101동~111동,59.76,7,120000,11680,11400,719
94,11680-308,2020-01,6,1994, 일원동,푸른마을 아파트 101동~111동,84.93,14,162000,11680,11400,719
95,11680-308,2020-01,13,1994, 일원동,푸른마을 아파트 101동~111동,84.93,8,159500,11680,11400,719
96,11680-308,2020-01,13,1994, 일원동,푸른마을 아파트 101동~111동,59.76,9,129500,11680,11400,719
97,,2020-01,21,2018, 일원동,래미안 개포 루체하임,101.97,22,250000,11680,11400,741
98,11680-301,2020-01,23,1993, 일원동,목련타운,134.71,2,185000,11680,11400,716
99,11680-314,2020-01,3,1993, 수서동,까치마을,39.6,13,87000,11680,11500,746
100,11680-319,2020-01,4,1992, 수서동,신동아,39.53,9,102000,11680,11500,736
101,11680-319,2020-01,4,1992, 수서동,신동아,33.18,7,88000,11680,11500,736
102,11680-319,2020-01,11,1992, 수서동,신동아,49.96,6,109000,11680,11500,736
103,11680-314,2020-01,15,1993, 수서동,까치마을,34.44,9,79500,11680,11500,746
104,11680-314,2020-01,17,1993, 수서동,까치마을,39.6,3,85000,11680,11500,746
105,11680-314,2020-01,18,1993, 수서동,까치마을,39.6,2,84000,11680,11500,746
106,11680-319,2020-01,18,1992, 수서동,신동아,39.51,10,100000,11680,11500,736
107,11680-317,2020-01,20,1992, 수서동,삼익,60,15,120000,11680,11500,708
108,11680-314,2020-01,28,1993, 수서동,까치마을,39.6,8,89900,11680,11500,746
109,11680-317,2020-01,31,1992, 수서동,삼익,84.48,2,139000,11680,11500,708
110,11680-317,2020-01,31,1992, 수서동,삼익,60,2,119000,11680,11500,708
111,11680-340,2020-01,2,1998, 도곡동,우성캐릭터199,132.94,5,170000,11680,11800,467-24
112,11680-566,2020-01,2,2004, 도곡동,아카데미스위트1,164.87,7,200000,11680,11800,467-7
113,11680-338,2020-01,6,1986, 도곡동,우성사원5,70.89,4,130000,11680,11800,463-1
114,11680-365,2020-01,6,2003, 도곡동,타워팰리스2,164.99,35,310000,11680,11800,467-17
115,11680-365,2020-01,9,2003, 도곡동,타워팰리스2,115.63,31,232000,11680,11800,467-17
116,11680-365,2020-01,9,2003, 도곡동,타워팰리스2,164.99,35,310000,11680,11800,467-17
117,11680-330,2020-01,10,1994, 도곡동,삼성,73.41,2,148000,11680,11800,161
118,11680-338,2020-01,13,1986, 도곡동,우성사원5,70.89,2,146000,11680,11800,463-1
119,11680-3734,2020-01,13,2007, 도곡동,도곡1차아이파크,130.259,10,225000,11680,11800,543-7
120,11680-340,2020-01,13,1998, 도곡동,우성캐릭터199,132.94,25,174000,11680,11800,467-24
121,11680-567,2020-01,14,2004, 도곡동,현대아이리스1,113.18,4,95000,11680,11800,944-5
122,11680-331,2020-01,15,2001, 도곡동,삼성래미안,84.89,7,192000,11680,11800,91-5
123,11680-470,2020-01,16,2004, 도곡동,타워팰리스3,141.381,35,270000,11680,11800,467-29
124,11680-3862,2020-01,21,2009, 도곡동,로덴하우스 웨스트빌리지,273.68,19,545000,11680,11800,462-2
125,11680-323,2020-01,23,1999, 도곡동,대림아크로빌,177.255,20,230000,11680,11800,467-6
126,11680-3623,2020-01,29,2006, 도곡동,도곡렉슬,59.9772,19,164800,11680,11800,527
127,11680-566,2020-01,30,2004, 도곡동,아카데미스위트1,122.07,35,168500,11680,11800,467-7
128,11680-323,2020-01,31,1999, 도곡동,대림아크로빌,172.464,30,237000,11680,11800,467-6
129,11680-338,2020-01,31,1986, 도곡동,우성사원5,70.89,7,149500,11680,11800,463-1
0,11680-276,2020-02,1,2002, 역삼동,경남아너스빌,84.688,4,149000,11680,10100,722
1,11680-3622,2020-02,1,2005, 역삼동,e-편한세상,59.606,10,167000,11680,10100,755-4
2,11680-504,2020-02,1,2004, 역삼동,역삼동우정에쉐르1,71.78,2,70000,11680,10100,826-29
3,11680-249,2020-02,3,2001, 역삼동,한화진넥스빌,39.2,19,36000,11680,10100,706-20
4,11680-3643,2020-02,5,2006, 역삼동,역삼푸르지오,59.8848,11,171000,11680,10100,754-1
5,11680-463,2020-02,8,2003, 역삼동,노블카운티,81.85,1,72000,11680,10100,794-24
6,11680-3622,2020-02,9,2005, 역삼동,e-편한세상,59.947,12,179000,11680,10100,755-4
7,11680-3615,2020-02,10,2005, 역삼동,에스케이허브젠,71.91,6,90000,11680,10100,831-45
8,11680-275,2020-02,11,2002, 역삼동,대우디오빌,30.03,7,32500,11680,10100,720-25
9,11680-463,2020-02,11,2003, 역삼동,노블카운티,81.85,1,73500,11680,10100,794-24
10,11680-3621,2020-02,12,2005, 역삼동,역삼래미안,59.4,14,155000,11680,10100,757
11,11680-3622,2020-02,12,2005, 역삼동,e-편한세상,59.606,9,165000,11680,10100,755-4
12,11680-3621,2020-02,13,2005, 역삼동,역삼래미안,59.73,13,161000,11680,10100,757
13,11680-3643,2020-02,13,2006, 역삼동,역삼푸르지오,59.8848,6,157000,11680,10100,754-1
14,11680-3621,2020-02,15,2005, 역삼동,역삼래미안,59.73,7,146000,11680,10100,757
15,11680-3728,2020-02,15,2007, 역삼동,롯데캐슬노블,176.03,4,175000,11680,10100,835-68
16,11680-3622,2020-02,15,2005, 역삼동,e-편한세상,59.606,1,153000,11680,10100,755-4
17,11680-3621,2020-02,17,2005, 역삼동,역삼래미안,59.4,13,165800,11680,10100,757
18,11680-269,2020-02,19,2003, 역삼동,세방하이빌1,59.77,6,99000,11680,10100,771-4
19,11680-504,2020-02,19,2004, 역삼동,역삼동우정에쉐르1,59.81,4,72000,11680,10100,826-29
20,11680-3621,2020-02,20,2005, 역삼동,역삼래미안,59.4,9,160000,11680,10100,757
21,11680-668,2020-02,21,2004, 역삼동,대우디오빌플러스,34.41,4,31900,11680,10100,824-25
22,11680-3622,2020-02,22,2005, 역삼동,e-편한세상,59.606,18,163000,11680,10100,755-4
23,11680-4050,2020-02,22,2012, 역삼동,강남서해더블루,70.57,5,86850,11680,10100,796-29
24,11680-503,2020-02,24,2004, 역삼동,강남역우정에쉐르,16.78,8,21500,11680,10100,823-7
25,11680-3760,2020-02,24,2008, 역삼동,역삼2차아이파크,84.587,8,190000,11680,10100,765-32
26,11680-594,2020-02,24,2005, 역삼동,역삼엔스위트102동,84.68,7,89500,11680,10100,656-31
27,11680-494,2020-02,25,2004, 역삼동,우정에쉐르멤버스,22.12,10,27000,11680,10100,708-31
28,11680-3905,2020-02,25,2010, 역삼동,래미안그레이튼(진달래2차),120.37,24,240000,11680,10100,762-3
29,11680-503,2020-02,25,2004, 역삼동,강남역우정에쉐르,17.23,11,20000,11680,10100,823-7
30,11680-3643,2020-02,27,2006, 역삼동,역삼푸르지오,84.9097,6,206000,11680,10100,754-1
31,11680-4317,2020-02,27,2014, 역삼동,이스턴오피스텔,14.92,14,20000,11680,10100,735-15
32,11680-4317,2020-02,27,2014, 역삼동,이스턴오피스텔,15.25,12,20000,11680,10100,735-15
33,11680-666,2020-02,29,2003, 역삼동,진넥스빌2,23.85,10,22400,11680,10100,706-24
34,11680-3669,2020-02,29,2006, 역삼동,프리우스 역삼 102동,84.18,2,100000,11680,10100,636
35,11680-391,2020-02,6,1983, 개포동,개포주공 5단지,61.19,14,177000,11680,10300,187
36,11680-578,2020-02,6,1983, 개포동,개포주공 7단지,53.46,12,154500,11680,10300,185
37,11680-279,2020-02,11,1992, 개포동,삼익대청아파트,39.53,8,100500,11680,10300,12
38,11680-573,2020-02,11,1982, 개포동,개포주공 1단지,42.55,4,192000,11680,10300,141
39,11680-283,2020-02,11,1984, 개포동,개포우성3차,161,15,270000,11680,10300,652
40,11680-286,2020-02,12,1991, 개포동,"우성9차아파트 901동, 902동",84.9,9,199947,11680,10300,651-1
41,,2020-02,12,2019, 개포동,래미안블레스티지,59.967,8,175000,11680,10300,1280
42,11680-449,2020-02,12,2003, 개포동,상지리츠빌,161.07,6,215000,11680,10300,176-1
43,,2020-02,13,2019, 개포동,래미안블레스티지,84.943,10,244000,11680,10300,1280
44,11680-573,2020-02,14,1982, 개포동,개포주공 1단지,58.08,3,240000,11680,10300,141
45,11680-573,2020-02,15,1982, 개포동,개포주공 1단지,58.08,1,242000,11680,10300,141
46,11680-573,2020-02,15,1982, 개포동,개포주공 1단지,35.87,1,163000,11680,10300,141
47,11680-573,2020-02,15,1982, 개포동,개포주공 1단지,50.64,5,213000,11680,10300,141
48,11680-277,2020-02,17,1984, 개포동,경남1,96.98,2,197000,11680,10300,649
49,11680-573,2020-02,17,1982, 개포동,개포주공 1단지,58.08,4,315000,11680,10300,141
50,11680-573,2020-02,17,1982, 개포동,개포주공 1단지,42.55,4,202000,11680,10300,141
51,11680-280,2020-02,17,1992, 개포동,성원대치2단지아파트,33.18,10,94000,11680,10300,12
52,11680-279,2020-02,18,1992, 개포동,삼익대청아파트,51.12,7,123000,11680,10300,12
53,11680-573,2020-02,18,1982, 개포동,개포주공 1단지,35.64,5,170000,11680,10300,141
54,11680-391,2020-02,18,1983, 개포동,개포주공 5단지,83.17,12,198000,11680,10300,187
55,11680-290,2020-02,19,1983, 개포동,개포주공 6단지,60.13,2,167700,11680,10300,185
56,11680-280,2020-02,20,1992, 개포동,성원대치2단지아파트,33.18,9,96500,11680,10300,12
57,11680-573,2020-02,20,1982, 개포동,개포주공 1단지,50.64,4,260000,11680,10300,141
58,,2020-02,21,2019, 개포동,래미안블레스티지,84.943,9,243000,11680,10300,1280
59,11680-284,2020-02,24,1987, 개포동,개포6차우성아파트1동~8동,54.98,4,144000,11680,10300,658-1
60,11680-279,2020-02,26,1992, 개포동,삼익대청아파트,51.12,8,126750,11680,10300,12
61,11680-505,2020-02,26,2004, 개포동,개포자이(12-2),134.3,7,206000,11680,10300,12-2
62,11680-290,2020-02,28,1983, 개포동,개포주공 6단지,53.06,12,157000,11680,10300,185
63,11680-280,2020-02,29,1992, 개포동,성원대치2단지아파트,49.86,14,125000,11680,10300,12
64,11680-1364,2020-02,29,2001, 개포동,아람손프라자/비바빌,59.96,3,34300,11680,10300,1164-7
65,11680-391,2020-02,29,1983, 개포동,개포주공 5단지,61.19,10,170000,11680,10300,187
66,11680-78,2020-02,1,1999, 청담동,청담현대3차아파트,109.53,7,200000,11680,10400,127-31
67,11680-65,2020-02,3,1994, 청담동,청강(건영),84.595,16,190000,11680,10400,108
68,11680-62,2020-02,5,1984, 청담동,진흥아파트,180.67,11,290000,11680,10400,65
69,11680-3633,2020-02,7,2005, 청담동,이편한세상,98.05,7,165000,11680,10400,15
70,11680-34,2020-02,11,1999, 청담동,삼성청담공원아파트,59.93,9,133000,11680,10400,60
71,11680-3882,2020-02,14,2010, 청담동,청담파라곤Ⅱ 1단지,195.88,3,260000,11680,10400,102-1
72,11680-4364,2020-02,14,2015, 청담동,청담스위트,12.449,5,22700,11680,10400,34-13
73,11680-65,2020-02,15,1994, 청담동,청강(건영),84.595,14,181000,11680,10400,108
74,11680-30,2020-02,18,1995, 청담동,목화,133.97,4,180000,11680,10400,105-6
75,11680-83,2020-02,19,1988, 청담동,현대아파트,84.92,4,147000,11680,10400,23
76,11680-78,2020-02,27,1999, 청담동,청담현대3차아파트,109.53,22,237000,11680,10400,127-31
77,11680-78,2020-02,28,1999, 청담동,청담현대3차아파트,59.95,13,138000,11680,10400,127-31
78,11680-193,2020-02,3,1997, 삼성동,풍림,53.75,7,69000,11680,10500,129-20
79,11680-434,2020-02,5,2003, 삼성동,LG선릉에클라트(A),36.16,4,40500,11680,10500,142-7
80,11680-3834,2020-02,7,2008, 삼성동,삼성동힐스테이트 1단지,84.236,10,235000,11680,10500,16-2
81,11680-177,2020-02,8,1998, 삼성동,서광아파트,59.67,4,146000,11680,10500,2
82,11680-192,2020-02,10,1998, 삼성동,삼성풍림2차아파트,93.78,2,146000,11680,10500,104
83,11680-518,2020-02,12,2004, 삼성동,삼성오네뜨,153.53,7,173000,11680,10500,127-5
84,11680-434,2020-02,14,2003, 삼성동,LG선릉에클라트(A),36.16,3,32500,11680,10500,142-7
85,11680-522,2020-02,14,2004, 삼성동,LG선릉에클라트(B),36.35,15,37500,11680,10500,142-3
86,11680-177,2020-02,15,1998, 삼성동,서광아파트,59.67,9,146500,11680,10500,2
87,11680-3830,2020-02,15,2008, 삼성동,현대힐스테이트 2단지,84.236,11,240000,11680,10500,50
88,11680-168,2020-02,17,2000, 삼성동,삼성동롯데아파트,84.87,14,180000,11680,10500,17
89,11680-192,2020-02,19,1998, 삼성동,삼성풍림2차아파트,59.94,3,144000,11680,10500,104
90,11680-522,2020-02,19,2004, 삼성동,LG선릉에클라트(B),36.47,15,37000,11680,10500,142-3
91,11680-472,2020-02,19,2004, 삼성동,아이파크,195.388,23,570000,11680,10500,87
92,11680-168,2020-02,20,2000, 삼성동,삼성동롯데아파트,91.77,9,187000,11680,10500,17
93,11680-200,2020-02,20,1981, 삼성동,홍실아파트,96.32,5,235000,11680,10500,79
94,11680-194,2020-02,21,1998, 삼성동,삼성동한솔아파트,58.57,1,130000,11680,10500,4-6
95,11680-195,2020-02,24,2001, 삼성동,한일,70.05,7,150000,11680,10500,48
96,11680-3696,2020-02,26,2006, 삼성동,삼성팰리스(71-16),114.26,3,148000,11680,10500,71-16
97,,2020-02,26,2018, 삼성동,삼성동센트럴아이파크,84.95,12,261000,11680,10500,188
98,11680-404,2020-02,27,2003, 삼성동,포스코트,160.53,17,230000,11680,10500,146
99,11680-373,2020-02,1,1983, 대치동,"쌍용대치아파트1동, 2동, 3동, 5동, 6동",83.56,13,205000,11680,10600,66
100,11680-529,2020-02,10,2004, 대치동,테헤란로대우아이빌(891-6),33.11,14,36000,11680,10600,891-6
101,11680-218,2020-02,11,1979, 대치동,은마,76.79,4,192000,11680,10600,316
102,11680-222,2020-02,11,1983, 대치동,한보미도맨션1,128.01,13,303000,11680,10600,511
103,11680-218,2020-02,11,1979, 대치동,은마,84.43,3,205000,11680,10600,316
104,11680-218,2020-02,12,1979, 대치동,은마,76.79,6,194000,11680,10600,316
105,11680-222,2020-02,12,1983, 대치동,한보미도맨션1,84.48,8,218000,11680,10600,511
106,11680-218,2020-02,13,1979, 대치동,은마,84.43,14,207000,11680,10600,316
107,11680-205,2020-02,14,2000, 대치동,대치삼성,97.35,11,232000,11680,10600,1014-3
108,11680-218,2020-02,14,1979, 대치동,은마,84.43,6,218000,11680,10600,316
109,11680-218,2020-02,14,1979, 대치동,은마,84.43,14,214000,11680,10600,316
110,11680-218,2020-02,14,1979, 대치동,은마,84.43,8,210000,11680,10600,316
111,11680-218,2020-02,14,1979, 대치동,은마,84.43,11,207000,11680,10600,316
112,11680-222,2020-02,15,1983, 대치동,한보미도맨션1,84.48,10,220000,11680,10600,511
113,11680-481,2020-02,15,1985, 대치동,한보미도맨션2,84.96,4,220000,11680,10600,511
114,11680-531,2020-02,16,2003, 대치동,대우아이빌멤버스(891-26),35.236,12,36000,11680,10600,891-26
115,11680-221,2020-02,17,1991, 대치동,청암빌라트,163.8,7,160000,11680,10600,650
116,11680-481,2020-02,17,1985, 대치동,한보미도맨션2,84.96,9,223000,11680,10600,511
117,11680-218,2020-02,19,1979, 대치동,은마,84.43,9,217500,11680,10600,316
118,11680-4293,2020-02,19,1989, 대치동,래미안 대치 하이스턴,110.39,6,230000,11680,10600,985
119,11680-216,2020-02,20,1984, 대치동,개포우성2,84.69,8,247500,11680,10600,500
120,11680-528,2020-02,20,2004, 대치동,선릉역대우아이빌(890-49),28.34,11,26000,11680,10600,890-49
121,11680-218,2020-02,20,1979, 대치동,은마,76.79,5,193000,11680,10600,316
122,11680-218,2020-02,20,1979, 대치동,은마,84.43,8,218000,11680,10600,316
123,11680-217,2020-02,21,1984, 대치동,"대치우성아파트1동, 2동, 3동, 5동, 6동, 7동",115.59,14,230000,11680,10600,63
124,11680-217,2020-02,24,1984, 대치동,"대치우성아파트1동, 2동, 3동, 5동, 6동, 7동",115.59,5,227000,11680,10600,63
125,11680-3752,2020-02,24,2008, 대치동,대치아이파크,119.58,13,305000,11680,10600,888
126,11680-218,2020-02,24,1979, 대치동,은마,76.79,12,194500,11680,10600,316
127,11680-481,2020-02,26,1985, 대치동,한보미도맨션2,126.33,11,285700,11680,10600,511
128,11680-529,2020-02,26,2004, 대치동,테헤란로대우아이빌(891-6),65.24,20,59900,11680,10600,891-6
129,11680-481,2020-02,26,1985, 대치동,한보미도맨션2,84.96,1,216000,11680,10600,511
130,11680-222,2020-02,27,1983, 대치동,한보미도맨션1,128.01,13,298000,11680,10600,511
131,11680-373,2020-02,28,1983, 대치동,"쌍용대치아파트1동, 2동, 3동, 5동, 6동",128.03,4,251000,11680,10600,66
132,11680-205,2020-02,29,2000, 대치동,대치삼성,97.35,5,234000,11680,10600,1014-3
133,11680-218,2020-02,29,1979, 대치동,은마,84.43,11,215000,11680,10600,316
134,11680-3746,2020-02,2,2007, 신사동,압구정 Ainvill,84.36,5,98000,11680,10700,590-7
135,11680-3821,2020-02,5,2008, 신사동,래미안신사,84.89,9,149000,11680,10700,506-9
136,11680-15,2020-02,22,2002, 신사동,신사동씨티빌,55.273,4,60000,11680,10700,523-4
137,11680-3,2020-02,24,1998, 신사동,로데오현대,90.94,16,120000,11680,10700,658
138,11680-109,2020-02,3,1997, 논현동,신동아(22),35.73,9,80000,11680,10800,22
139,11680-121,2020-02,7,1985, 논현동,동현아파트 1~6,84.92,5,165000,11680,10800,105
140,11680-4202,2020-02,8,2013, 논현동,한양수자인어반게이트,16.2,6,21500,11680,10800,221-7
141,11680-136,2020-02,12,1996, 논현동,쌍용,59.91,12,89900,11680,10800,103
142,11680-4202,2020-02,14,2013, 논현동,한양수자인어반게이트,16.2,4,22000,11680,10800,221-7
143,11680-444,2020-02,19,2003, 논현동,논현아트빌,90.38,2,96800,11680,10800,215-14
144,11680-4356,2020-02,19,2014, 논현동,아크로힐스논현,113.231,14,228000,11680,10800,276-1
145,11680-4202,2020-02,19,2013, 논현동,한양수자인어반게이트,16.2,3,21000,11680,10800,221-7
146,11680-109,2020-02,20,1997, 논현동,신동아(22),114.34,12,172000,11680,10800,22
147,11680-4202,2020-02,21,2013, 논현동,한양수자인어반게이트,16.2,6,22000,11680,10800,221-7
148,11680-440,2020-02,24,2003, 논현동,힐스빌7,139.46,2,119750,11680,10800,46-2
149,11680-136,2020-02,28,1996, 논현동,쌍용,59.91,3,91000,11680,10800,103
150,11680-417,2020-02,4,1976, 압구정동,현대3차(61~64동),82.5,1,210000,11680,11000,443
151,11680-417,2020-02,7,1976, 압구정동,현대3차(61~64동),82.5,7,223000,11680,11000,443
152,11680-427,2020-02,12,1983, 압구정동,현대13차(208~211동),108.47,7,264000,11680,11000,448
153,11680-422,2020-02,13,1980, 압구정동,현대8차(성수현대:91~95동),107.64,12,236000,11680,11000,481
154,11680-20,2020-02,15,1987, 압구정동,미성2차,118.63,6,253000,11680,11000,397
155,11680-378,2020-02,15,1977, 압구정동,한양1차(영동한양),63.87,8,200000,11680,11000,490
156,11680-20,2020-02,17,1987, 압구정동,미성2차,74.4,13,195000,11680,11000,397
157,11680-22,2020-02,17,1996, 압구정동,현대빌라트,181.81,5,350000,11680,11000,446
158,11680-426,2020-02,22,1982, 압구정동,신현대12차,122.27,1,280000,11680,11000,434
159,11680-382,2020-02,26,1979, 압구정동,한양5,115.24,5,260000,11680,11000,513
160,11680-4090,2020-02,8,2012, 세곡동,세곡푸르지오,59.89,6,109000,11680,11100,533
161,11680-4199,2020-02,8,2013, 세곡동,강남엘에이치1단지,59.99,10,108000,11680,11100,579
162,11680-4090,2020-02,15,2012, 세곡동,세곡푸르지오,84.83,8,132500,11680,11100,533
163,11680-4090,2020-02,15,2012, 세곡동,세곡푸르지오,84.83,13,133000,11680,11100,533
164,11680-4090,2020-02,15,2012, 세곡동,세곡푸르지오,59.89,5,109500,11680,11100,533
165,11680-4199,2020-02,17,2013, 세곡동,강남엘에이치1단지,59.89,9,108200,11680,11100,579
166,11680-4199,2020-02,18,2013, 세곡동,강남엘에이치1단지,59.99,10,104000,11680,11100,579
167,11680-4199,2020-02,24,2013, 세곡동,강남엘에이치1단지,59.86,8,105000,11680,11100,579
168,11680-4003,2020-02,27,2011, 세곡동,강남데시앙파크,84.97,7,105000,11680,11100,525
169,11680-4199,2020-02,28,2013, 세곡동,강남엘에이치1단지,59.89,15,109200,11680,11100,579
170,11680-4319,2020-02,12,2014, 자곡동,래미안강남힐즈,101.94,8,160000,11680,11200,611
171,11680-4298,2020-02,15,2014, 자곡동,강남한양수자인(4단지),114.46,5,165000,11680,11200,BL-4
172,11680-4298,2020-02,17,2014, 자곡동,강남한양수자인(4단지),84.99,2,141000,11680,11200,BL-4
173,11680-4319,2020-02,19,2014, 자곡동,래미안강남힐즈,91.96,7,144500,11680,11200,611
174,11680-4298,2020-02,24,2014, 자곡동,강남한양수자인(4단지),59.97,5,120000,11680,11200,BL-4
175,,2020-02,1,2018, 일원동,래미안 개포 루체하임,71.65,6,212000,11680,11400,741
176,11680-299,2020-02,14,1993, 일원동,가람,75.16,2,168000,11680,11400,735
177,11680-309,2020-02,14,1994, 일원동,한솔마을,84.73,4,160000,11680,11400,731
178,11680-304,2020-02,14,1994, 일원동,샘터마을,101.97,11,175000,11680,11400,718
179,11680-308,2020-02,16,1994, 일원동,푸른마을 아파트 101동~111동,84.93,10,160000,11680,11400,719
180,11680-301,2020-02,19,1993, 일원동,목련타운,134.71,11,200000,11680,11400,716
181,11680-301,2020-02,22,1993, 일원동,목련타운,99.79,7,185000,11680,11400,716
182,11680-305,2020-02,22,1992, 일원동,수서,39.98,10,86000,11680,11400,711
183,11680-301,2020-02,24,1993, 일원동,목련타운,99.79,14,182000,11680,11400,716
184,11680-301,2020-02,25,1993, 일원동,목련타운,134.71,8,220000,11680,11400,716
185,11680-4324,2020-02,1,2014, 수서동,강남데시앙포레,84.92,2,151000,11680,11500,559
186,11680-314,2020-02,4,1993, 수서동,까치마을,49.5,9,99800,11680,11500,746
187,11680-314,2020-02,5,1993, 수서동,까치마을,34.44,6,76000,11680,11500,746
188,11680-319,2020-02,5,1992, 수서동,신동아,33.18,7,86000,11680,11500,736
189,11680-314,2020-02,8,1993, 수서동,까치마을,39.6,4,84000,11680,11500,746
190,11680-317,2020-02,11,1992, 수서동,삼익,60,3,115500,11680,11500,708
191,11680-314,2020-02,12,1993, 수서동,까치마을,39.6,15,85000,11680,11500,746
192,11680-314,2020-02,12,1993, 수서동,까치마을,39.6,9,86000,11680,11500,746
193,11680-314,2020-02,13,1993, 수서동,까치마을,39.6,1,83000,11680,11500,746
194,11680-314,2020-02,15,1993, 수서동,까치마을,34.44,2,75700,11680,11500,746
195,11680-318,2020-02,15,1993, 수서동,수서한아름,129.45,10,162500,11680,11500,712
196,11680-314,2020-02,15,1993, 수서동,까치마을,34.44,4,77000,11680,11500,746
197,11680-314,2020-02,19,1993, 수서동,까치마을,39.6,12,89800,11680,11500,746
198,11680-318,2020-02,19,1993, 수서동,수서한아름,163.68,10,181500,11680,11500,712
199,11680-314,2020-02,20,1993, 수서동,까치마을,34.44,8,79000,11680,11500,746
200,11680-314,2020-02,21,1993, 수서동,까치마을,39.6,6,87000,11680,11500,746
201,11680-319,2020-02,21,1992, 수서동,신동아,33.18,8,84900,11680,11500,736
202,11680-319,2020-02,22,1992, 수서동,신동아,33.18,9,85500,11680,11500,736
203,11680-319,2020-02,27,1992, 수서동,신동아,33.18,13,89800,11680,11500,736
204,11680-316,2020-02,29,1997, 수서동,삼성,84.97,7,154000,11680,11500,747
205,11680-560,2020-02,1,2004, 도곡동,대우디오빌,25.89,15,26600,11680,11800,952
206,11680-3623,2020-02,3,2006, 도곡동,도곡렉슬,59.9818,5,185000,11680,11800,527
207,11680-3623,2020-02,3,2006, 도곡동,도곡렉슬,119.8906,1,263000,11680,11800,527
208,11680-365,2020-02,5,2003, 도곡동,타워팰리스2,164.99,24,258500,11680,11800,467-17
209,11680-470,2020-02,5,2004, 도곡동,타워팰리스3,124.641,51,215000,11680,11800,467-29
210,11680-323,2020-02,7,1999, 도곡동,대림아크로빌,172.467,29,219000,11680,11800,467-6
211,11680-3623,2020-02,7,2006, 도곡동,도곡렉슬,114.9931,4,241000,11680,11800,527
212,11680-711,2020-02,7,2003, 도곡동,원팰리스,103.23,3,95000,11680,11800,952-14
213,11680-3623,2020-02,8,2006, 도곡동,도곡렉슬,84.9984,16,230000,11680,11800,527
214,11680-4474,2020-02,10,2016, 도곡동,한라비발디,84.9569,2,172500,11680,11800,972
215,11680-320,2020-02,11,2005, 도곡동,경남,59.76,5,132000,11680,11800,967
216,11680-3731,2020-02,11,2007, 도곡동,도곡스타클래스,112.75,12,129000,11680,11800,957-11
217,11680-3623,2020-02,12,2006, 도곡동,도곡렉슬,84.9984,6,230000,11680,11800,527
218,11680-3623,2020-02,13,2006, 도곡동,도곡렉슬,84.9984,2,230500,11680,11800,527
219,11680-364,2020-02,14,2002, 도곡동,타워팰리스1,164.97,19,265000,11680,11800,467
220,11680-3623,2020-02,14,2006, 도곡동,도곡렉슬,134.9023,14,320000,11680,11800,527
221,11680-365,2020-02,14,2003, 도곡동,타워팰리스2,164.99,37,295000,11680,11800,467-17
222,11680-331,2020-02,15,2001, 도곡동,삼성래미안,59.96,7,157000,11680,11800,91-5
223,11680-3623,2020-02,17,2006, 도곡동,도곡렉슬,84.9984,10,231000,11680,11800,527
224,11680-3879,2020-02,18,2010, 도곡동,도곡지웰카운티 101동,107.11,5,168000,11680,11800,199-4
225,11680-3623,2020-02,19,2006, 도곡동,도곡렉슬,84.9984,7,230000,11680,11800,527
226,11680-3623,2020-02,19,2006, 도곡동,도곡렉슬,59.9937,22,162000,11680,11800,527
227,11680-3623,2020-02,20,2006, 도곡동,도곡렉슬,59.9772,10,160000,11680,11800,527
228,11680-4173,2020-02,20,2016, 도곡동,래미안도곡카운티,71.85,20,220000,11680,11800,538-3
229,11680-340,2020-02,24,1998, 도곡동,우성캐릭터199,164.97,20,214500,11680,11800,467-24
230,11680-354,2020-02,24,1999, 도곡동,현대비젼21,33.1,20,37000,11680,11800,467-19
231,11680-348,2020-02,24,2002, 도곡동,포스코트,200.9,9,240000,11680,11800,164-6
232,11680-3623,2020-02,25,2006, 도곡동,도곡렉슬,59.9937,10,164000,11680,11800,527
233,11680-3623,2020-02,26,2006, 도곡동,도곡렉슬,84.9984,16,230000,11680,11800,527
234,11680-323,2020-02,28,1999, 도곡동,대림아크로빌,130.545,16,170000,11680,11800,467-6
235,11680-3962,2020-02,29,1978, 도곡동,도곡쌍용예가,112.13,5,194500,11680,11800,933
236,11680-4173,2020-02,29,2016, 도곡동,래미안도곡카운티,59.98,17,190000,11680,11800,538-3
0,11680-3905,2020-03,4,2010, 역삼동,래미안그레이튼(진달래2차),121.54,33,249000,11680,10100,762-3
1,11680-4036,2020-03,5,2012, 역삼동,대명벨리온,17.684,3,21000,11680,10100,727-2
2,11680-3643,2020-03,6,2006, 역삼동,역삼푸르지오,59.8848,21,167000,11680,10100,754-1
3,11680-244,2020-03,7,1996, 역삼동,우성빌라트,129.72,1,83000,11680,10100,797-12
4,11680-4296,2020-03,7,2014, 역삼동,테헤란아이파크,92.6232,21,243000,11680,10100,709-5
5,11680-3570,2020-03,7,2005, 역삼동,역삼동월드메르디앙,81.76,7,125000,11680,10100,795-41
6,11680-462,2020-03,7,2003, 역삼동,지석천평대,59.77,7,52000,11680,10100,789-29
7,11680-251,2020-03,9,1996, 역삼동,한스빌(836),52.27,2,39000,11680,10100,836
8,11680-503,2020-03,9,2004, 역삼동,강남역우정에쉐르,26.68,13,32800,11680,10100,823-7
9,11680-4296,2020-03,10,2014, 역삼동,테헤란아이파크,92.6232,1,221000,11680,10100,709-5
10,11680-3622,2020-03,16,2005, 역삼동,e-편한세상,84.991,7,205000,11680,10100,755-4
11,11680-275,2020-03,19,2002, 역삼동,대우디오빌,30.03,11,34000,11680,10100,720-25
12,11680-3621,2020-03,19,2005, 역삼동,역삼래미안,59.4,11,156000,11680,10100,757
13,11680-3622,2020-03,27,2005, 역삼동,e-편한세상,59.606,5,162000,11680,10100,755-4
14,11680-573,2020-03,2,1982, 개포동,개포주공 1단지,58.08,1,226000,11680,10300,141
15,11680-280,2020-03,3,1992, 개포동,성원대치2단지아파트,49.86,4,124000,11680,10300,12
16,11680-573,2020-03,4,1982, 개포동,개포주공 1단지,56.57,4,309500,11680,10300,141
17,11680-280,2020-03,6,1992, 개포동,성원대치2단지아파트,49.86,10,123500,11680,10300,12
18,11680-573,2020-03,6,1982, 개포동,개포주공 1단지,41.98,5,203000,11680,10300,141
19,11680-290,2020-03,7,1983, 개포동,개포주공 6단지,53.06,11,158500,11680,10300,185
20,11680-278,2020-03,9,1984, 개포동,경남2차,149.21,5,247000,11680,10300,649
21,,2020-03,11,2019, 개포동,래미안블레스티지,84.94,15,263000,11680,10300,1280
22,,2020-03,11,2019, 개포동,디에이치아너힐즈,76.17,2,228000,11680,10300,138
23,11680-290,2020-03,12,1983, 개포동,개포주공 6단지,83.21,4,200000,11680,10300,185
24,11680-573,2020-03,12,1982, 개포동,개포주공 1단지,56.57,1,215000,11680,10300,141
25,11680-280,2020-03,14,1992, 개포동,성원대치2단지아파트,33.18,7,91000,11680,10300,12
26,11680-573,2020-03,19,1982, 개포동,개포주공 1단지,50.38,1,264000,11680,10300,141
27,11680-477,2020-03,20,2002, 개포동,리더스,84.16,6,62000,11680,10300,1164-25
28,11680-280,2020-03,23,1992, 개포동,성원대치2단지아파트,39.53,8,102250,11680,10300,12
29,11680-279,2020-03,25,1992, 개포동,삼익대청아파트,60,14,138000,11680,10300,12
30,11680-290,2020-03,26,1983, 개포동,개포주공 6단지,73.02,12,167500,11680,10300,185
31,11680-573,2020-03,27,1982, 개포동,개포주공 1단지,49.56,3,235000,11680,10300,141
32,11680-280,2020-03,30,1992, 개포동,성원대치2단지아파트,33.18,9,85000,11680,10300,12
33,11680-573,2020-03,30,1982, 개포동,개포주공 1단지,50.64,3,190000,11680,10300,141
34,11680-573,2020-03,30,1982, 개포동,개포주공 1단지,50.64,4,194000,11680,10300,141
35,11680-57,2020-03,2,1997, 청담동,연세빌라(102-6),125.64,13,185000,11680,10400,102-6
36,11680-3736,2020-03,2,2007, 청담동,청담범신칼릭스빌2차,102.69,5,148000,11680,10400,109-16
37,11680-4004,2020-03,3,2011, 청담동,청담자이,82.952,14,239000,11680,10400,134-38
38,11680-65,2020-03,11,1994, 청담동,청강(건영),84.595,5,190000,11680,10400,108
39,11680-4364,2020-03,11,2015, 청담동,청담스위트,13.425,6,24500,11680,10400,34-13
40,11680-3574,2020-03,12,2005, 청담동,휴먼스타빌,35.905,20,59300,11680,10400,5-25
41,11680-33,2020-03,20,1999, 청담동,삼성청담아파트,114.83,18,190000,11680,10400,42
42,11680-369,2020-03,26,2000, 청담동,상지리츠빌4B,172.98,5,220000,11680,10400,114-18
43,11680-3608,2020-03,6,2005, 삼성동,삼성동에스케이뷰,84.88,7,165000,11680,10500,101
44,11680-3608,2020-03,6,2005, 삼성동,삼성동에스케이뷰,117.42,7,187000,11680,10500,101
45,11680-3645,2020-03,7,2005, 삼성동,삼성동신영지웰,84.32,14,98000,11680,10500,114-11
46,11680-434,2020-03,9,2003, 삼성동,LG선릉에클라트(A),36.16,5,34000,11680,10500,142-7
47,11680-3819,2020-03,10,2008, 삼성동,아델하우스,206.1,3,292000,11680,10500,64-5
48,11680-191,2020-03,14,1998, 삼성동,풍림(1차),59.7,11,149900,11680,10500,106
49,11680-472,2020-03,18,2004, 삼성동,아이파크,156.857,32,427000,11680,10500,87
50,11680-177,2020-03,27,1998, 삼성동,서광아파트,59.67,10,141000,11680,10500,2
51,11680-531,2020-03,7,2003, 대치동,대우아이빌멤버스(891-26),36.566,8,35000,11680,10600,891-26
52,11680-601,2020-03,9,2005, 대치동,동부센트레빌,121.74,4,325000,11680,10600,670
53,11680-218,2020-03,10,1979, 대치동,은마,76.79,2,195000,11680,10600,316
54,11680-211,2020-03,11,1983, 대치동,선경1차(1동-7동),84.35,3,259600,11680,10600,506
55,11680-216,2020-03,14,1984, 대치동,개포우성2,127.78,1,295000,11680,10600,500
56,11680-530,2020-03,20,2004, 대치동,대우아이빌명문가(891-23),33.06,8,33500,11680,10600,891-23
57,11680-205,2020-03,21,2000, 대치동,대치삼성,97.35,20,220000,11680,10600,1014-3
58,11680-216,2020-03,23,1984, 대치동,개포우성2,127.78,12,340000,11680,10600,500
59,11680-211,2020-03,25,1983, 대치동,선경1차(1동-7동),136.68,11,320000,11680,10600,506
60,11680-218,2020-03,25,1979, 대치동,은마,76.79,11,193300,11680,10600,316
61,11680-213,2020-03,25,2002, 대치동,세영팔레스타운,84.85,4,138000,11680,10600,975-20
62,11680-216,2020-03,27,1984, 대치동,개포우성2,127.78,5,305000,11680,10600,500
63,11680-601,2020-03,30,2005, 대치동,동부센트레빌,145.83,4,319000,11680,10600,670
64,11680-16,2020-03,2,2002, 신사동,대성아트빌,78.51,3,71500,11680,10700,540-2
65,11680-2,2020-03,5,2001, 신사동,압구정대원칸타빌아파트,113.31,5,165000,11680,10700,659
66,11680-1,2020-03,18,1974, 신사동,강남상가,103.44,4,85000,11680,10700,510-11
67,11680-584,2020-03,20,2004, 신사동,토미,80.83,5,79000,11680,10700,593-32
68,11680-3,2020-03,23,1998, 신사동,로데오현대,84.96,7,119000,11680,10700,658
69,11680-442,2020-03,7,2003, 논현동,월드쉐르빌,68.86,2,58000,11680,10800,138-9
70,11680-717,2020-03,9,2004, 논현동,논현동프라임,134.28,6,118000,11680,10800,192-3
71,11680-558,2020-03,12,2004, 논현동,두산위브1단지,84.993,2,150000,11680,10800,252-1
72,11680-136,2020-03,18,1996, 논현동,쌍용,84.87,11,74000,11680,10800,103
73,11680-551,2020-03,27,2004, 논현동,마일스디오빌,36.29,7,37750,11680,10800,58-2
74,11680-582,2020-03,30,2001, 논현동,힐타워,125.73,1,60000,11680,10800,53-1
75,11680-20,2020-03,2,1987, 압구정동,미성2차,74.4,16,209000,11680,11000,397
76,11680-20,2020-03,7,1987, 압구정동,미성2차,74.4,11,195000,11680,11000,397
77,11680-382,2020-03,10,1979, 압구정동,한양5,153.59,13,340000,11680,11000,513
78,11680-426,2020-03,10,1982, 압구정동,신현대12차,182.95,10,450000,11680,11000,434
79,11680-383,2020-03,10,1984, 압구정동,한양8(81동한개동),210.1,12,480000,11680,11000,510
80,11680-415,2020-03,13,1976, 압구정동,"현대1차(12,13,21,22,31,32,33동)",131.48,6,297500,11680,11000,369-1
81,11680-423,2020-03,13,1982, 압구정동,신현대9차,108.88,2,239500,11680,11000,426
82,11680-421,2020-03,14,1979, 압구정동,"현대7차(73~77,82,85동)",144.2,9,350000,11680,11000,456
83,11680-420,2020-03,16,1978, 압구정동,"현대6차(78~81,83,84,86,87동)",157.36,1,305000,11680,11000,456
84,11680-415,2020-03,19,1976, 압구정동,"현대1차(12,13,21,22,31,32,33동)",131.48,3,290000,11680,11000,369-1
85,11680-4199,2020-03,7,2013, 세곡동,강남엘에이치1단지,74.74,8,123000,11680,11100,579
86,11680-4199,2020-03,19,2013, 세곡동,강남엘에이치1단지,59.99,5,111000,11680,11100,579
87,11680-4003,2020-03,28,2011, 세곡동,강남데시앙파크,84.97,10,110000,11680,11100,525
88,11680-4319,2020-03,3,2014, 자곡동,래미안강남힐즈,101.94,9,156000,11680,11200,611
89,11680-4319,2020-03,12,2014, 자곡동,래미안강남힐즈,101.95,4,161000,11680,11200,611
90,11680-4298,2020-03,14,2014, 자곡동,강남한양수자인(4단지),101.4,4,153000,11680,11200,BL-4
91,11680-303,2020-03,5,1993, 일원동,상록수,74.54,1,157000,11680,11400,734
92,11680-301,2020-03,7,1993, 일원동,목련타운,134.71,2,199000,11680,11400,716
93,11680-308,2020-03,7,1994, 일원동,푸른마을 아파트 101동~111동,59.76,10,131000,11680,11400,719
94,11680-308,2020-03,7,1994, 일원동,푸른마을 아파트 101동~111동,84.93,15,157000,11680,11400,719
95,11680-308,2020-03,9,1994, 일원동,푸른마을 아파트 101동~111동,84.93,1,150000,11680,11400,719
96,11680-303,2020-03,10,1993, 일원동,상록수,74.54,4,160000,11680,11400,734
97,11680-305,2020-03,10,1992, 일원동,수서,59.94,14,110000,11680,11400,711
98,11680-304,2020-03,12,1994, 일원동,샘터마을,101.97,4,180000,11680,11400,718
99,11680-314,2020-03,3,1993, 수서동,까치마을,49.5,11,114500,11680,11500,746
100,11680-319,2020-03,3,1992, 수서동,신동아,33.18,2,84000,11680,11500,736
101,11680-314,2020-03,4,1993, 수서동,까치마을,49.5,14,115000,11680,11500,746
102,11680-319,2020-03,4,1992, 수서동,신동아,39.51,13,94000,11680,11500,736
103,11680-314,2020-03,7,1993, 수서동,까치마을,39.6,14,89000,11680,11500,746
104,11680-318,2020-03,7,1993, 수서동,수서한아름,97.63,1,141000,11680,11500,712
105,11680-317,2020-03,9,1992, 수서동,삼익,60,9,116500,11680,11500,708
106,11680-317,2020-03,10,1992, 수서동,삼익,60,15,85000,11680,11500,708
107,11680-4324,2020-03,10,2014, 수서동,강남데시앙포레,84.86,10,155000,11680,11500,559
108,11680-319,2020-03,12,1992, 수서동,신동아,49.96,9,108500,11680,11500,736
109,11680-4324,2020-03,12,2014, 수서동,강남데시앙포레,59.81,4,125000,11680,11500,559
110,11680-316,2020-03,14,1997, 수서동,삼성,84.97,14,157500,11680,11500,747
111,11680-3647,2020-03,2,2006, 도곡동,SK허브프리모,33.8,17,37500,11680,11800,953-1
112,11680-354,2020-03,3,1999, 도곡동,현대비젼21,34.995,23,34000,11680,11800,467-19
113,11680-364,2020-03,4,2002, 도곡동,타워팰리스1,164.95,48,308500,11680,11800,467
114,11680-3623,2020-03,4,2006, 도곡동,도곡렉슬,120.8233,20,265000,11680,11800,527
115,11680-470,2020-03,4,2004, 도곡동,타워팰리스3,163.567,51,298000,11680,11800,467-29
116,11680-330,2020-03,5,1994, 도곡동,삼성,73.41,8,160000,11680,11800,161
117,11680-350,2020-03,5,1988, 도곡동,한신엠비씨,84.74,1,160000,11680,11800,895-8
118,11680-332,2020-03,7,1983, 도곡동,삼익,153.71,6,191000,11680,11800,869
119,11680-3623,2020-03,8,2006, 도곡동,도곡렉슬,84.9231,18,229000,11680,11800,527
120,11680-330,2020-03,10,1994, 도곡동,삼성,73.41,10,138000,11680,11800,161
121,11680-3879,2020-03,10,2010, 도곡동,도곡지웰카운티 101동,107.11,4,166000,11680,11800,199-4
122,11680-3623,2020-03,10,2006, 도곡동,도곡렉슬,84.9231,3,232000,11680,11800,527
123,11680-3623,2020-03,11,2006, 도곡동,도곡렉슬,84.9984,9,239000,11680,11800,527
124,11680-331,2020-03,12,2001, 도곡동,삼성래미안,122.81,24,237500,11680,11800,91-5
125,11680-354,2020-03,14,1999, 도곡동,현대비젼21,34.995,22,35700,11680,11800,467-19
126,11680-560,2020-03,14,2004, 도곡동,대우디오빌,25.89,4,28000,11680,11800,952
127,11680-560,2020-03,14,2004, 도곡동,대우디오빌,25.89,15,27500,11680,11800,952
128,11680-365,2020-03,17,2003, 도곡동,타워팰리스2,163.28,25,294000,11680,11800,467-17
129,11680-560,2020-03,21,2004, 도곡동,대우디오빌,25.89,9,26000,11680,11800,952
130,11680-435,2020-03,24,1996, 도곡동,우성리빙텔,120.21,9,135000,11680,11800,467-10
131,11680-354,2020-03,25,1999, 도곡동,현대비젼21,32.65,17,37000,11680,11800,467-19
132,11680-435,2020-03,30,1996, 도곡동,우성리빙텔,120.21,9,128000,11680,11800,467-10
133,11680-435,2020-03,31,1996, 도곡동,우성리빙텔,119.25,20,135000,11680,11800,467-10
0,11680-3621,2020-04,1,2005, 역삼동,역삼래미안,59.4,21,148000,11680,10100,757
1,11680-4036,2020-04,1,2012, 역삼동,대명벨리온,17.684,3,22000,11680,10100,727-2
2,11680-3622,2020-04,4,2005, 역삼동,e-편한세상,59.606,3,161000,11680,10100,755-4
3,11680-3622,2020-04,11,2005, 역삼동,e-편한세상,59.606,7,150000,11680,10100,755-4
4,11680-3678,2020-04,16,2006, 역삼동,개나리 푸르지오,84.9876,13,223000,11680,10100,755-1
5,11680-3643,2020-04,17,2006, 역삼동,역삼푸르지오,84.9097,3,200000,11680,10100,754-1
6,11680-3680,2020-04,17,2006, 역삼동,개나리래미안,144.98,16,250000,11680,10100,754
7,11680-3621,2020-04,18,2005, 역삼동,역삼래미안,59.4,15,153000,11680,10100,757
8,11680-3680,2020-04,20,2006, 역삼동,개나리래미안,84.93,7,208000,11680,10100,754
9,11680-3622,2020-04,21,2005, 역삼동,e-편한세상,59.606,14,163500,11680,10100,755-4
10,11680-3722,2020-04,21,2007, 역삼동,쌍용플레티넘밸류,84.97,14,113000,11680,10100,826-37
11,11680-3683,2020-04,23,2006, 역삼동,역삼디오슈페리움,84.34,13,87500,11680,10100,832-5
12,11680-3722,2020-04,23,2007, 역삼동,쌍용플레티넘밸류,84.96,14,114500,11680,10100,826-37
13,11680-668,2020-04,26,2004, 역삼동,대우디오빌플러스,43.99,11,40900,11680,10100,824-25
14,11680-3871,2020-04,27,2009, 역삼동,래미안그레이튼,59.97,7,170000,11680,10100,763-16
15,11680-3683,2020-04,29,2006, 역삼동,역삼디오슈페리움,84.92,13,89900,11680,10100,832-5
16,11680-3621,2020-04,30,2005, 역삼동,역삼래미안,59.4,17,160000,11680,10100,757
17,11680-279,2020-04,4,1992, 개포동,삼익대청아파트,39.53,3,103500,11680,10300,12
18,11680-573,2020-04,4,1982, 개포동,개포주공 1단지,49.56,4,195000,11680,10300,141
19,11680-573,2020-04,13,1982, 개포동,개포주공 1단지,41.98,1,180000,11680,10300,141
20,,2020-04,14,2019, 개포동,래미안블레스티지,59.967,10,180000,11680,10300,1280
21,11680-573,2020-04,16,1982, 개포동,개포주공 1단지,42.55,2,184000,11680,10300,141
22,11680-391,2020-04,17,1983, 개포동,개포주공 5단지,74.25,5,175000,11680,10300,187
23,11680-280,2020-04,20,1992, 개포동,성원대치2단지아파트,39.53,15,101500,11680,10300,12
24,,2020-04,22,2019, 개포동,래미안블레스티지,59.967,5,185000,11680,10300,1280
25,11680-280,2020-04,24,1992, 개포동,성원대치2단지아파트,33.18,7,85000,11680,10300,12
26,,2020-04,27,2019, 개포동,디에이치아너힐즈,84.36,19,229000,11680,10300,138
27,11680-279,2020-04,29,1992, 개포동,삼익대청아파트,51.12,10,115000,11680,10300,12
28,11680-280,2020-04,29,1992, 개포동,성원대치2단지아파트,33.18,7,85000,11680,10300,12
29,11680-4004,2020-04,4,2011, 청담동,청담자이,49.639,23,175000,11680,10400,134-38
30,11680-3667,2020-04,13,2006, 청담동,동양파라곤,197.4675,11,342000,11680,10400,69-18
31,11680-3575,2020-04,14,2005, 청담동,한신오페라하우스 2차,120.22,3,167000,11680,10400,35-48
32,11680-89,2020-04,17,1992, 청담동,현대한강,136.26,3,185000,11680,10400,106
33,11680-676,2020-04,17,2003, 청담동,연세힐하우스1,177.58,6,274000,11680,10400,102-2
34,11680-98,2020-04,25,2002, 청담동,청담대림e-편한세상,81.84,16,165000,11680,10400,30-33
35,,2020-04,26,2018, 청담동,라테라스 청담,18.55,7,32700,11680,10400,76-12
36,11680-58,2020-04,27,2000, 청담동,연세빌라(59-16),238.16,3,208000,11680,10400,59-16
37,11680-678,2020-04,29,2003, 청담동,청담8차상지리츠빌,203.47,3,263500,11680,10400,121-14
38,11680-522,2020-04,1,2004, 삼성동,LG선릉에클라트(B),56.68,13,70000,11680,10500,142-3
39,11680-3732,2020-04,3,2007, 삼성동,래미안삼성2차,134.81,4,275000,11680,10500,7-3
40,11680-524,2020-04,4,2004, 삼성동,우정에쉐르2,59.64,8,74000,11680,10500,144-10
41,11680-199,2020-04,7,1997, 삼성동,호산프라자,29.4,8,35000,11680,10500,37
42,11680-522,2020-04,16,2004, 삼성동,LG선릉에클라트(B),59.33,14,87500,11680,10500,142-3
43,11680-472,2020-04,18,2004, 삼성동,아이파크,156.857,38,410000,11680,10500,87
44,11680-525,2020-04,21,2004, 삼성동,미켈란147,84.86,20,143500,11680,10500,147-2
45,11680-168,2020-04,25,2000, 삼성동,삼성동롯데아파트,84.87,18,170000,11680,10500,17
46,11680-3834,2020-04,30,2008, 삼성동,삼성동힐스테이트 1단지,114.463,18,252000,11680,10500,16-2
47,11680-601,2020-04,3,2005, 대치동,동부센트레빌,145.83,20,345000,11680,10600,670
48,11680-206,2020-04,5,1999, 대치동,대치현대,59.82,4,135000,11680,10600,974
49,11680-218,2020-04,6,1979, 대치동,은마,84.43,8,195000,11680,10600,316
50,11680-206,2020-04,7,1999, 대치동,대치현대,101.6,16,212000,11680,10600,974
51,11680-218,2020-04,8,1979, 대치동,은마,84.43,9,215000,11680,10600,316
52,11680-481,2020-04,8,1985, 대치동,한보미도맨션2,126.33,12,275000,11680,10600,511
53,11680-218,2020-04,8,1979, 대치동,은마,76.79,7,184000,11680,10600,316
54,11680-222,2020-04,9,1983, 대치동,한보미도맨션1,128.01,3,273000,11680,10600,511
55,11680-530,2020-04,9,2004, 대치동,대우아이빌명문가(891-23),34.2,11,32500,11680,10600,891-23
56,11680-601,2020-04,11,2005, 대치동,동부센트레빌,145.83,6,331000,11680,10600,670
57,11680-528,2020-04,13,2004, 대치동,선릉역대우아이빌(890-49),25.42,15,25000,11680,10600,890-49
58,11680-601,2020-04,13,2005, 대치동,동부센트레빌,121.74,11,300000,11680,10600,670
59,11680-218,2020-04,14,1979, 대치동,은마,84.43,4,189300,11680,10600,316
60,11680-222,2020-04,14,1983, 대치동,한보미도맨션1,128.01,4,272000,11680,10600,511
61,11680-481,2020-04,15,1985, 대치동,한보미도맨션2,126.33,4,273000,11680,10600,511
62,11680-3981,2020-04,16,2011, 대치동,상지리츠빌카일룸(1009-4),178.17,2,420000,11680,10600,1009-4
63,11680-218,2020-04,17,1979, 대치동,은마,84.43,11,192000,11680,10600,316
64,11680-222,2020-04,17,1983, 대치동,한보미도맨션1,128.01,14,285000,11680,10600,511
65,11680-529,2020-04,18,2004, 대치동,테헤란로대우아이빌(891-6),59.83,14,75000,11680,10600,891-6
66,11680-222,2020-04,21,1983, 대치동,한보미도맨션1,161.36,3,313000,11680,10600,511
67,11680-218,2020-04,22,1979, 대치동,은마,76.79,7,174500,11680,10600,316
68,11680-372,2020-04,24,1983, 대치동,개포우성1,127.61,13,295000,11680,10600,503
69,11680-529,2020-04,24,2004, 대치동,테헤란로대우아이빌(891-6),33.11,13,37000,11680,10600,891-6
70,11680-528,2020-04,24,2004, 대치동,선릉역대우아이빌(890-49),25.42,15,24500,11680,10600,890-49
71,11680-481,2020-04,25,1985, 대치동,한보미도맨션2,115.05,11,251000,11680,10600,511
72,11680-601,2020-04,25,2005, 대치동,동부센트레빌,145.83,19,342500,11680,10600,670
73,11680-531,2020-04,25,2003, 대치동,대우아이빌멤버스(891-26),35.236,12,37000,11680,10600,891-26
74,11680-3559,2020-04,26,1985, 대치동,선경2차(8동-12동),84.55,2,240000,11680,10600,506
75,11680-222,2020-04,27,1983, 대치동,한보미도맨션1,161.36,1,290000,11680,10600,511
76,11680-218,2020-04,28,1979, 대치동,은마,84.43,9,194000,11680,10600,316
77,11680-481,2020-04,29,1985, 대치동,한보미도맨션2,115.05,7,263000,11680,10600,511
78,11680-601,2020-04,29,2005, 대치동,동부센트레빌,145.83,23,350000,11680,10600,670
79,11680-529,2020-04,29,2004, 대치동,테헤란로대우아이빌(891-6),33.11,4,35000,11680,10600,891-6
80,11680-218,2020-04,30,1979, 대치동,은마,76.79,9,177000,11680,10600,316
81,11680-3740,2020-04,2,2007, 신사동,Ruden House,84.44,2,95000,11680,10700,524-8
82,11680-550,2020-04,14,2004, 신사동,금광아크존(635-14),45.35,2,45500,11680,10700,635-14
83,11680-3,2020-04,18,1998, 신사동,로데오현대,84.96,4,123000,11680,10700,658
84,11680-2,2020-04,22,2001, 신사동,압구정대원칸타빌아파트,59.73,7,95000,11680,10700,659
85,11680-104,2020-04,1,1996, 논현동,거평프리젠,42.395,5,40000,11680,10800,196
86,11680-3730,2020-04,17,2007, 논현동,논현동월드메르디앙,84.9954,7,116000,11680,10800,212-13
87,11680-4356,2020-04,18,2014, 논현동,아크로힐스논현,84.208,1,157000,11680,10800,276-1
88,11680-4356,2020-04,29,2014, 논현동,아크로힐스논현,113.087,3,203000,11680,10800,276-1
89,11680-415,2020-04,2,1976, 압구정동,"현대1차(12,13,21,22,31,32,33동)",196.21,11,447850,11680,11000,369-1
90,11680-416,2020-04,4,1976, 압구정동,"현대2차(10,11,20,23,24,25동)",160.51,12,360000,11680,11000,369-1
91,11680-417,2020-04,7,1976, 압구정동,현대3차(61~64동),82.5,2,200000,11680,11000,443
92,11680-417,2020-04,10,1976, 압구정동,현대3차(61~64동),82.5,1,200000,11680,11000,443
93,11680-423,2020-04,13,1982, 압구정동,신현대9차,111.38,2,250000,11680,11000,426
94,11680-423,2020-04,13,1982, 압구정동,신현대9차,152.28,6,350000,11680,11000,426
95,11680-417,2020-04,16,1976, 압구정동,현대3차(61~64동),82.5,4,199000,11680,11000,443
96,11680-419,2020-04,18,1977, 압구정동,"현대5차(71,72동)",82.23,5,245000,11680,11000,455
97,11680-427,2020-04,18,1983, 압구정동,현대13차(208~211동),108.47,11,260000,11680,11000,448
98,11680-417,2020-04,20,1976, 압구정동,현대3차(61~64동),82.5,6,200000,11680,11000,443
99,11680-417,2020-04,20,1976, 압구정동,현대3차(61~64동),82.5,2,195000,11680,11000,443
100,11680-423,2020-04,21,1982, 압구정동,신현대9차,111.38,8,243000,11680,11000,426
101,11680-417,2020-04,22,1976, 압구정동,현대3차(61~64동),82.5,5,200000,11680,11000,443
102,11680-416,2020-04,24,1976, 압구정동,"현대2차(10,11,20,23,24,25동)",160.28,12,400000,11680,11000,369-1
103,11680-422,2020-04,24,1980, 압구정동,현대8차(성수현대:91~95동),111.5,5,217000,11680,11000,481
104,11680-385,2020-04,25,1982, 압구정동,미성1차,105.65,12,212000,11680,11000,414
105,11680-415,2020-04,25,1976, 압구정동,"현대1차(12,13,21,22,31,32,33동)",131.48,4,280000,11680,11000,369-1
106,11680-20,2020-04,28,1987, 압구정동,미성2차,140.9,12,265000,11680,11000,397
107,11680-420,2020-04,29,1978, 압구정동,"현대6차(78~81,83,84,86,87동)",157.36,4,355000,11680,11000,456
108,11680-385,2020-04,30,1982, 압구정동,미성1차,84.88,8,209500,11680,11000,414
109,11680-4199,2020-04,18,2013, 세곡동,강남엘에이치1단지,84.83,14,134000,11680,11100,579
110,11680-4298,2020-04,22,2014, 자곡동,강남한양수자인(4단지),114.46,6,143000,11680,11200,BL-4
111,11680-4297,2020-04,29,2014, 자곡동,래미안포레,84.89,5,143000,11680,11200,
112,11680-311,2020-04,4,1987, 일원동,현대4,73,2,132000,11680,11400,614
113,11680-305,2020-04,6,1992, 일원동,수서,51.76,15,94000,11680,11400,711
114,11680-309,2020-04,6,1994, 일원동,한솔마을,63.76,3,143000,11680,11400,731
115,11680-301,2020-04,9,1993, 일원동,목련타운,99.79,13,175000,11680,11400,716
116,11680-301,2020-04,11,1993, 일원동,목련타운,99.79,13,173000,11680,11400,716
117,11680-301,2020-04,25,1993, 일원동,목련타운,134.71,8,205000,11680,11400,716
118,11680-301,2020-04,25,1993, 일원동,목련타운,99.79,5,170000,11680,11400,716
119,11680-305,2020-04,25,1992, 일원동,수서,39.98,5,84000,11680,11400,711
120,11680-319,2020-04,1,1992, 수서동,신동아,33.18,6,80000,11680,11500,736
121,11680-4324,2020-04,1,2014, 수서동,강남데시앙포레,59.74,2,127500,11680,11500,559
122,11680-4510,2020-04,4,2016, 수서동,강남 더샵 포레스트,146.7139,1,275000,11680,11500,537
123,11680-317,2020-04,10,1992, 수서동,삼익,84.48,1,130000,11680,11500,708
124,11680-314,2020-04,16,1993, 수서동,까치마을,39.6,5,87000,11680,11500,746
125,11680-314,2020-04,18,1993, 수서동,까치마을,34.44,15,77000,11680,11500,746
126,11680-318,2020-04,21,1993, 수서동,수서한아름,129.45,2,155000,11680,11500,712
127,11680-316,2020-04,27,1997, 수서동,삼성,84.97,8,150000,11680,11500,747
128,11680-3623,2020-04,2,2006, 도곡동,도곡렉슬,119.8906,15,246000,11680,11800,527
129,11680-3861,2020-04,2,2009, 도곡동,로덴하우스 이스트빌리지,244.86,19,505000,11680,11800,462-1
130,11680-3861,2020-04,2,2009, 도곡동,로덴하우스 이스트빌리지,243.36,15,355000,11680,11800,462-1
131,11680-3623,2020-04,7,2006, 도곡동,도곡렉슬,134.9023,14,318000,11680,11800,527
132,11680-327,2020-04,10,1995, 도곡동,럭키(963),124.66,12,215000,11680,11800,963
133,11680-3623,2020-04,11,2006, 도곡동,도곡렉슬,84.9231,14,220000,11680,11800,527
134,11680-3623,2020-04,11,2006, 도곡동,도곡렉슬,120.8233,3,243000,11680,11800,527
135,11680-364,2020-04,13,2002, 도곡동,타워팰리스1,174.67,19,310000,11680,11800,467
136,11680-3734,2020-04,13,2007, 도곡동,도곡1차아이파크,84.122,12,165000,11680,11800,543-7
137,11680-3623,2020-04,15,2006, 도곡동,도곡렉슬,119.8906,24,248000,11680,11800,527
138,11680-323,2020-04,16,1999, 도곡동,대림아크로빌,172.464,17,216000,11680,11800,467-6
139,11680-323,2020-04,17,1999, 도곡동,대림아크로빌,177.255,31,235000,11680,11800,467-6
140,11680-323,2020-04,18,1999, 도곡동,대림아크로빌,117.318,3,153000,11680,11800,467-6
141,11680-470,2020-04,19,2004, 도곡동,타워팰리스3,141.648,27,240000,11680,11800,467-29
142,11680-364,2020-04,22,2002, 도곡동,타워팰리스1,174.67,53,330000,11680,11800,467
143,11680-364,2020-04,23,2002, 도곡동,타워팰리스1,164.95,32,298000,11680,11800,467
144,11680-3623,2020-04,25,2006, 도곡동,도곡렉슬,84.9984,10,235500,11680,11800,527
0,11680-489,2020-05,1,2004, 역삼동,역삼동그린비,106.69,4,85700,11680,10100,656-32
1,11680-276,2020-05,4,2002, 역삼동,경남아너스빌,81.013,16,119000,11680,10100,722
2,11680-3621,2020-05,5,2005, 역삼동,역삼래미안,59.53,1,147900,11680,10100,757
3,11680-4296,2020-05,5,2014, 역삼동,테헤란아이파크,92.6232,3,225000,11680,10100,709-5
4,11680-3728,2020-05,5,2007, 역삼동,롯데캐슬노블,176.03,2,170000,11680,10100,835-68
5,11680-261,2020-05,7,2002, 역삼동,명인갤러리,84.78,5,85500,11680,10100,729-37
6,11680-3621,2020-05,7,2005, 역삼동,역삼래미안,59.4,10,152500,11680,10100,757
7,11680-272,2020-05,8,2002, 역삼동,갤러리아트,53.65,3,47000,11680,10100,783-28
8,11680-3622,2020-05,8,2005, 역삼동,e-편한세상,84.991,5,205000,11680,10100,755-4
9,11680-493,2020-05,8,2004, 역삼동,역삼우정에쉐르2,47.02,6,66500,11680,10100,707-18
10,11680-3622,2020-05,9,2005, 역삼동,e-편한세상,59.947,8,163000,11680,10100,755-4
11,11680-668,2020-05,11,2004, 역삼동,대우디오빌플러스,43.99,9,42800,11680,10100,824-25
12,11680-3680,2020-05,11,2006, 역삼동,개나리래미안,59.95,3,159000,11680,10100,754
13,11680-275,2020-05,12,2002, 역삼동,대우디오빌,59.505,26,66500,11680,10100,720-25
14,11680-664,2020-05,13,2003, 역삼동,우림루미아트2,23.9,9,15000,11680,10100,706-10
15,11680-3683,2020-05,13,2006, 역삼동,역삼디오슈페리움,46.9,13,60000,11680,10100,832-5
16,11680-3622,2020-05,13,2005, 역삼동,e-편한세상,59.947,14,177000,11680,10100,755-4
17,11680-4296,2020-05,14,2014, 역삼동,테헤란아이파크,118.0315,5,235500,11680,10100,709-5
18,11680-664,2020-05,15,2003, 역삼동,우림루미아트2,24,8,21700,11680,10100,706-10
19,11680-593,2020-05,16,2005, 역삼동,역삼엔스위트1,107.3,3,88500,11680,10100,656-30
20,11680-3643,2020-05,16,2006, 역삼동,역삼푸르지오,59.8848,16,147500,11680,10100,754-1
21,11680-3622,2020-05,17,2005, 역삼동,e-편한세상,84.991,6,203000,11680,10100,755-4
22,11680-3871,2020-05,17,2009, 역삼동,래미안그레이튼,59.97,12,166000,11680,10100,763-16
23,11680-3728,2020-05,18,2007, 역삼동,롯데캐슬노블,176.03,12,179000,11680,10100,835-68
24,11680-271,2020-05,19,2002, 역삼동,갤러리하우스,84.95,1,70000,11680,10100,783-3
25,11680-491,2020-05,19,2004, 역삼동,역삼동골든베리힐,66.02,5,45000,11680,10100,667-1
26,11680-3622,2020-05,20,2005, 역삼동,e-편한세상,59.606,19,165000,11680,10100,755-4
27,11680-3622,2020-05,20,2005, 역삼동,e-편한세상,59.947,5,170000,11680,10100,755-4
28,11680-3622,2020-05,21,2005, 역삼동,e-편한세상,84.991,7,213000,11680,10100,755-4
29,11680-3621,2020-05,22,2005, 역삼동,역삼래미안,59.4,11,163000,11680,10100,757
30,11680-3905,2020-05,22,2010, 역삼동,래미안그레이튼(진달래2차),84.87,21,201000,11680,10100,762-3
31,11680-3621,2020-05,22,2005, 역삼동,역삼래미안,80.87,20,203000,11680,10100,757
32,11680-275,2020-05,23,2002, 역삼동,대우디오빌,59.505,22,69500,11680,10100,720-25
33,11680-4036,2020-05,23,2012, 역삼동,대명벨리온,17.684,3,21000,11680,10100,727-2
34,11680-3679,2020-05,23,2006, 역삼동,역삼 I'PARK,28.246,13,79000,11680,10100,713-11
35,11680-3643,2020-05,23,2006, 역삼동,역삼푸르지오,59.8848,14,158000,11680,10100,754-1
36,11680-668,2020-05,23,2004, 역삼동,대우디오빌플러스,43.99,6,41000,11680,10100,824-25
37,11680-275,2020-05,23,2002, 역삼동,대우디오빌,59.145,9,64000,11680,10100,720-25
38,11680-3728,2020-05,25,2007, 역삼동,롯데캐슬노블,176.03,4,173000,11680,10100,835-68
39,,2020-05,25,2019, 역삼동,강남웅진베어스빌,18.61,12,40120,11680,10100,838-10
40,11680-4317,2020-05,25,2014, 역삼동,이스턴오피스텔,14.78,10,18000,11680,10100,735-15
41,11680-274,2020-05,26,2002, 역삼동,트레벨,33.48,1,52500,11680,10100,766-8
42,11680-3622,2020-05,27,2005, 역삼동,e-편한세상,84.991,16,215500,11680,10100,755-4
43,11680-3679,2020-05,27,2006, 역삼동,역삼 I'PARK,144.641,13,270000,11680,10100,713-11
44,11680-4296,2020-05,28,2014, 역삼동,테헤란아이파크,84.641,5,190000,11680,10100,709-5
45,11680-261,2020-05,29,2002, 역삼동,명인갤러리,84.78,1,89000,11680,10100,729-37
46,11680-3622,2020-05,30,2005, 역삼동,e-편한세상,59.606,14,174800,11680,10100,755-4
47,11680-4296,2020-05,30,2014, 역삼동,테헤란아이파크,92.6232,2,230000,11680,10100,709-5
48,11680-3760,2020-05,30,2008, 역삼동,역삼2차아이파크,84.891,3,186000,11680,10100,765-32
49,11680-275,2020-05,31,2002, 역삼동,대우디오빌,30.03,10,32000,11680,10100,720-25
50,11680-3643,2020-05,31,2006, 역삼동,역삼푸르지오,84.9097,2,197000,11680,10100,754-1
51,,2020-05,2,2019, 개포동,디에이치아너힐즈,59.81,20,189000,11680,10300,138
52,11680-279,2020-05,4,1992, 개포동,삼익대청아파트,51.12,11,115500,11680,10300,12
53,,2020-05,4,2019, 개포동,래미안블레스티지,84.943,10,230000,11680,10300,1280
54,,2020-05,4,2019, 개포동,래미안블레스티지,84.94,24,251000,11680,10300,1280
55,11680-391,2020-05,5,1983, 개포동,개포주공 5단지,83.17,1,186000,11680,10300,187
56,11680-280,2020-05,6,1992, 개포동,성원대치2단지아파트,39.53,14,102000,11680,10300,12
57,11680-290,2020-05,8,1983, 개포동,개포주공 6단지,73.02,5,175000,11680,10300,185
58,11680-280,2020-05,9,1992, 개포동,성원대치2단지아파트,49.86,4,119500,11680,10300,12
59,,2020-05,9,2019, 개포동,디에이치아너힐즈,76.17,21,221000,11680,10300,138
60,11680-292,2020-05,10,1984, 개포동,현대1차101동~106동,95.4,3,175000,11680,10300,653
61,11680-280,2020-05,12,1992, 개포동,성원대치2단지아파트,33.18,4,88100,11680,10300,12
62,,2020-05,13,2019, 개포동,래미안블레스티지,113.732,14,300000,11680,10300,1280
63,11680-290,2020-05,15,1983, 개포동,개포주공 6단지,53.06,12,150000,11680,10300,185
64,11680-280,2020-05,16,1992, 개포동,성원대치2단지아파트,33.18,13,87000,11680,10300,12
65,11680-391,2020-05,16,1983, 개포동,개포주공 5단지,53.98,5,157000,11680,10300,187
66,11680-290,2020-05,16,1983, 개포동,개포주공 6단지,53.06,3,146000,11680,10300,185
67,11680-578,2020-05,17,1983, 개포동,개포주공 7단지,53.46,8,144500,11680,10300,185
68,11680-280,2020-05,18,1992, 개포동,성원대치2단지아파트,49.86,6,119000,11680,10300,12
69,,2020-05,19,2019, 개포동,래미안블레스티지,84.95,6,230000,11680,10300,1280
70,11680-279,2020-05,20,1992, 개포동,삼익대청아파트,60,11,130300,11680,10300,12
71,,2020-05,21,2019, 개포동,디에이치아너힐즈,59.75,6,188000,11680,10300,138
72,11680-280,2020-05,22,1992, 개포동,성원대치2단지아파트,39.53,2,102000,11680,10300,12
73,11680-280,2020-05,23,1992, 개포동,성원대치2단지아파트,33.18,4,89000,11680,10300,12
74,11680-578,2020-05,23,1983, 개포동,개포주공 7단지,53.46,10,150000,11680,10300,185
75,11680-391,2020-05,23,1983, 개포동,개포주공 5단지,74.25,2,177000,11680,10300,187
76,11680-280,2020-05,27,1992, 개포동,성원대치2단지아파트,33.18,8,89500,11680,10300,12
77,11680-280,2020-05,27,1992, 개포동,성원대치2단지아파트,49.86,9,115000,11680,10300,12
78,11680-280,2020-05,27,1992, 개포동,성원대치2단지아파트,49.86,8,118000,11680,10300,12
79,11680-292,2020-05,28,1984, 개포동,현대1차101동~106동,95.4,11,185000,11680,10300,653
80,11680-280,2020-05,30,1992, 개포동,성원대치2단지아파트,49.86,10,117500,11680,10300,12
81,11680-280,2020-05,31,1992, 개포동,성원대치2단지아파트,49.86,15,120000,11680,10300,12
82,11680-578,2020-05,31,1983, 개포동,개포주공 7단지,73.26,6,180000,11680,10300,185
83,11680-4359,2020-05,1,2015, 청담동,청담아르지움,22.57,5,39000,11680,10400,32
84,11680-474,2020-05,9,2004, 청담동,대우유로카운티,105.66,4,165000,11680,10400,50-5
85,11680-56,2020-05,12,1999, 청담동,연세리버빌3,243.21,3,327000,11680,10400,104
86,11680-3773,2020-05,16,2007, 청담동,청담3차이편한세상,84.97,3,155300,11680,10400,44-21
87,11680-412,2020-05,19,2003, 청담동,영풍마드레빌,122.2,11,170000,11680,10400,36
88,11680-4004,2020-05,20,2011, 청담동,청담자이,49.619,14,163000,11680,10400,134-38
89,11680-73,2020-05,23,1999, 청담동,청담우방,118.53,8,185000,11680,10400,43
90,11680-62,2020-05,27,1984, 청담동,진흥아파트,180.67,9,270000,11680,10400,65
91,11680-33,2020-05,28,1999, 청담동,삼성청담아파트,114.83,2,150000,11680,10400,42
92,11680-99,2020-05,28,2002, 청담동,이니그마빌2,230.69,3,396000,11680,10400,90-10
93,11680-34,2020-05,29,1999, 청담동,삼성청담공원아파트,107.22,8,173500,11680,10400,60
94,11680-3650,2020-05,30,2006, 청담동,청담2차e-편한세상,84.41,7,154000,11680,10400,14
95,11680-508,2020-05,4,2003, 삼성동,SM드림빌,52.79,2,59000,11680,10500,29-11
96,11680-3830,2020-05,6,2008, 삼성동,현대힐스테이트 2단지,84.435,18,210000,11680,10500,50
97,11680-434,2020-05,7,2003, 삼성동,LG선릉에클라트(A),36.16,4,34500,11680,10500,142-7
98,11680-200,2020-05,8,1981, 삼성동,홍실아파트,94.26,5,235000,11680,10500,79
99,11680-195,2020-05,11,2001, 삼성동,한일,80.29,3,149000,11680,10500,48
100,11680-3937,2020-05,11,2010, 삼성동,삼성동헤렌하우스2(82-4),183.99,4,280000,11680,10500,82-4
101,11680-3830,2020-05,13,2008, 삼성동,현대힐스테이트 2단지,84.236,9,232000,11680,10500,50
102,11680-403,2020-05,16,2003, 삼성동,쌍용플래티넘,152.25,19,194000,11680,10500,117
103,11680-524,2020-05,16,2004, 삼성동,우정에쉐르2,59.64,4,74000,11680,10500,144-10
104,11680-200,2020-05,20,1981, 삼성동,홍실아파트,96.32,9,260000,11680,10500,79
105,11680-3641,2020-05,20,2005, 삼성동,삼성동 롯데캐슬 킹덤,170.8,2,260000,11680,10500,43
106,11680-522,2020-05,20,2004, 삼성동,LG선릉에클라트(B),36.35,13,32700,11680,10500,142-3
107,11680-3834,2020-05,23,2008, 삼성동,삼성동힐스테이트 1단지,84.236,20,221000,11680,10500,16-2
108,11680-168,2020-05,24,2000, 삼성동,삼성동롯데아파트,59.4,13,137000,11680,10500,17
109,11680-3834,2020-05,26,2008, 삼성동,삼성동힐스테이트 1단지,114.463,17,250000,11680,10500,16-2
110,11680-522,2020-05,27,2004, 삼성동,LG선릉에클라트(B),36.35,15,37500,11680,10500,142-3
111,11680-3936,2020-05,27,2010, 삼성동,삼성동헤렌하우스2(82-1),217.86,6,340000,11680,10500,82-1
112,11680-3581,2020-05,28,1992, 삼성동,시티(B동),157.63,7,212000,11680,10500,97-2
113,11680-507,2020-05,30,2004, 삼성동,삼성동중앙하이츠빌리지,152.98,3,257000,11680,10500,14-1
114,11680-3834,2020-05,30,2008, 삼성동,삼성동힐스테이트 1단지,84.503,12,209500,11680,10500,16-2
115,11680-218,2020-05,1,1979, 대치동,은마,76.79,2,178000,11680,10600,316
116,11680-216,2020-05,2,1984, 대치동,개포우성2,84.69,10,230000,11680,10600,500
117,11680-218,2020-05,2,1979, 대치동,은마,84.43,8,194000,11680,10600,316
118,11680-218,2020-05,5,1979, 대치동,은마,84.43,12,201000,11680,10600,316
119,11680-481,2020-05,6,1985, 대치동,한보미도맨션2,115.05,2,253000,11680,10600,511
120,11680-218,2020-05,7,1979, 대치동,은마,76.79,14,183000,11680,10600,316
121,11680-481,2020-05,7,1985, 대치동,한보미도맨션2,126.33,14,269000,11680,10600,511
122,11680-373,2020-05,7,1983, 대치동,"쌍용대치아파트1동, 2동, 3동, 5동, 6동",128.03,4,242500,11680,10600,66
123,11680-218,2020-05,7,1979, 대치동,은마,84.43,10,215500,11680,10600,316
124,11680-218,2020-05,7,1979, 대치동,은마,76.79,9,188000,11680,10600,316
125,11680-218,2020-05,7,1979, 대치동,은마,84.43,10,199500,11680,10600,316
126,11680-207,2020-05,8,1999, 대치동,대치효성,84.94,12,155000,11680,10600,988-4
127,11680-218,2020-05,8,1979, 대치동,은마,76.79,6,186000,11680,10600,316
128,11680-601,2020-05,11,2005, 대치동,동부센트레빌,145.83,15,333000,11680,10600,670
129,11680-4394,2020-05,11,2015, 대치동,래미안대치팰리스,84.99,6,293000,11680,10600,1027
130,11680-3752,2020-05,11,2008, 대치동,대치아이파크,59.96,3,177000,11680,10600,888
131,11680-218,2020-05,12,1979, 대치동,은마,84.43,13,207000,11680,10600,316
132,11680-218,2020-05,12,1979, 대치동,은마,84.43,7,207500,11680,10600,316
133,11680-218,2020-05,12,1979, 대치동,은마,84.43,3,204000,11680,10600,316
134,11680-218,2020-05,12,1979, 대치동,은마,76.79,12,187000,11680,10600,316
135,11680-205,2020-05,13,2000, 대치동,대치삼성,59.88,3,156500,11680,10600,1014-3
136,11680-218,2020-05,14,1979, 대치동,은마,76.79,7,189000,11680,10600,316
137,11680-218,2020-05,14,1979, 대치동,은마,76.79,4,181000,11680,10600,316
138,11680-206,2020-05,15,1999, 대치동,대치현대,101.6,3,200000,11680,10600,974
139,11680-372,2020-05,15,1983, 대치동,개포우성1,84.81,14,240000,11680,10600,503
140,11680-218,2020-05,15,1979, 대치동,은마,76.79,1,176600,11680,10600,316
141,11680-218,2020-05,15,1979, 대치동,은마,76.79,3,183500,11680,10600,316
142,11680-601,2020-05,17,2005, 대치동,동부센트레빌,145.83,22,345000,11680,10600,670
143,11680-218,2020-05,18,1979, 대치동,은마,76.79,7,195000,11680,10600,316
144,11680-218,2020-05,19,1979, 대치동,은마,76.79,13,194000,11680,10600,316
145,11680-218,2020-05,19,1979, 대치동,은마,76.79,13,188500,11680,10600,316
146,11680-218,2020-05,19,1979, 대치동,은마,76.79,14,186000,11680,10600,316
147,11680-4394,2020-05,20,2015, 대치동,래미안대치팰리스,91.91,20,300000,11680,10600,1027
148,11680-218,2020-05,22,1979, 대치동,은마,76.79,10,193000,11680,10600,316
149,11680-3752,2020-05,22,2008, 대치동,대치아이파크,84.93,7,231000,11680,10600,888
150,11680-222,2020-05,22,1983, 대치동,한보미도맨션1,128.01,5,285000,11680,10600,511
151,11680-222,2020-05,22,1983, 대치동,한보미도맨션1,128.01,2,275000,11680,10600,511
152,11680-222,2020-05,22,1983, 대치동,한보미도맨션1,128.01,3,280000,11680,10600,511
153,11680-218,2020-05,23,1979, 대치동,은마,76.79,4,185000,11680,10600,316
154,11680-4394,2020-05,26,2015, 대치동,래미안대치팰리스,84.99,22,290000,11680,10600,1027
155,11680-205,2020-05,27,2000, 대치동,대치삼성,97.35,7,229000,11680,10600,1014-3
156,11680-216,2020-05,30,1984, 대치동,개포우성2,127.78,15,280000,11680,10600,500
157,11680-4394,2020-05,30,2015, 대치동,래미안대치팰리스,91.93,16,294000,11680,10600,1027
158,11680-3559,2020-05,31,1985, 대치동,선경2차(8동-12동),127.75,10,315000,11680,10600,506
159,11680-2,2020-05,6,2001, 신사동,압구정대원칸타빌아파트,81.25,6,119000,11680,10700,659
160,11680-541,2020-05,25,2004, 신사동,유로미A동,84.83,5,80000,11680,10700,547-7
161,11680-3673,2020-05,25,2006, 신사동,신사아이빌,84.93,5,81700,11680,10700,522
162,11680-1,2020-05,30,1974, 신사동,강남상가,63.31,4,51000,11680,10700,510-11
163,11680-3705,2020-05,5,2006, 논현동,한화꿈에그린2차,83.7,2,104500,11680,10800,194-23
164,11680-4356,2020-05,7,2014, 논현동,아크로힐스논현,113.231,10,214000,11680,10800,276-1
165,11680-128,2020-05,8,1996, 논현동,세호시티라이프,45.04,5,33500,11680,10800,122-25
166,11680-551,2020-05,11,2004, 논현동,마일스디오빌,36.29,3,36400,11680,10800,58-2
167,11680-109,2020-05,13,1997, 논현동,신동아(22),35.73,4,80000,11680,10800,22
168,11680-4356,2020-05,13,2014, 논현동,아크로힐스논현,84.074,14,192000,11680,10800,276-1
169,11680-121,2020-05,15,1985, 논현동,동현아파트 1~6,84.92,8,163000,11680,10800,105
170,11680-551,2020-05,19,2004, 논현동,마일스디오빌,36.29,10,36500,11680,10800,58-2
171,11680-109,2020-05,22,1997, 논현동,신동아(22),35.73,5,80000,11680,10800,22
172,11680-473,2020-05,26,2004, 논현동,동양파라곤,180.07,6,295000,11680,10800,245
173,11680-381,2020-05,1,1978, 압구정동,한양4,101.09,2,200000,11680,11000,486
174,11680-422,2020-05,2,1980, 압구정동,현대8차(성수현대:91~95동),107.64,6,220000,11680,11000,481
175,11680-425,2020-05,2,1983, 압구정동,신현대11차,170.81,12,427000,11680,11000,433
176,11680-20,2020-05,4,1987, 압구정동,미성2차,118.63,4,240000,11680,11000,397
177,11680-426,2020-05,4,1982, 압구정동,신현대12차,182.95,5,409000,11680,11000,434
178,11680-423,2020-05,6,1982, 압구정동,신현대9차,152.28,8,348000,11680,11000,426
179,11680-20,2020-05,7,1987, 압구정동,미성2차,140.9,5,272500,11680,11000,397
180,11680-417,2020-05,7,1976, 압구정동,현대3차(61~64동),82.5,1,195000,11680,11000,443
181,11680-378,2020-05,7,1977, 압구정동,한양1차(영동한양),63.87,3,180000,11680,11000,490
182,11680-378,2020-05,8,1977, 압구정동,한양1차(영동한양),63.87,11,186000,11680,11000,490
183,11680-419,2020-05,8,1977, 압구정동,"현대5차(71,72동)",82.23,5,238000,11680,11000,455
184,11680-379,2020-05,9,1978, 압구정동,한양2,175.92,2,314000,11680,11000,493
185,11680-422,2020-05,9,1980, 압구정동,현대8차(성수현대:91~95동),107.64,3,221000,11680,11000,481
186,11680-419,2020-05,9,1977, 압구정동,"현대5차(71,72동)",82.23,10,240000,11680,11000,455
187,11680-382,2020-05,9,1979, 압구정동,한양5,100.5,5,209000,11680,11000,513
188,11680-380,2020-05,9,1978, 압구정동,한양3,117.26,2,245000,11680,11000,489
189,11680-20,2020-05,11,1987, 압구정동,미성2차,74.4,7,185000,11680,11000,397
190,11680-423,2020-05,11,1982, 압구정동,신현대9차,111.38,6,240000,11680,11000,426
191,11680-378,2020-05,13,1977, 압구정동,한양1차(영동한양),63.87,2,180000,11680,11000,490
192,11680-379,2020-05,13,1978, 압구정동,한양2,175.92,6,349000,11680,11000,493
193,11680-378,2020-05,16,1977, 압구정동,한양1차(영동한양),63.87,3,180000,11680,11000,490
194,11680-420,2020-05,16,1978, 압구정동,"현대6차(78~81,83,84,86,87동)",157.36,5,360000,11680,11000,456
195,11680-385,2020-05,16,1982, 압구정동,미성1차,180.53,2,320000,11680,11000,414
196,11680-415,2020-05,18,1976, 압구정동,"현대1차(12,13,21,22,31,32,33동)",161.19,8,350000,11680,11000,369-1
197,11680-424,2020-05,18,1982, 압구정동,"현대10차(201,202동)",108.15,8,237000,11680,11000,436
198,11680-415,2020-05,18,1976, 압구정동,"현대1차(12,13,21,22,31,32,33동)",131.48,4,283000,11680,11000,369-1
199,11680-423,2020-05,19,1982, 압구정동,신현대9차,108.88,6,250000,11680,11000,426
200,11680-420,2020-05,20,1978, 압구정동,"현대6차(78~81,83,84,86,87동)",144.2,2,328000,11680,11000,456
201,11680-421,2020-05,20,1979, 압구정동,"현대7차(73~77,82,85동)",157.36,6,360000,11680,11000,456
202,11680-417,2020-05,22,1976, 압구정동,현대3차(61~64동),82.5,8,220000,11680,11000,443
203,11680-416,2020-05,25,1976, 압구정동,"현대2차(10,11,20,23,24,25동)",198.41,11,470000,11680,11000,369-1
204,11680-421,2020-05,25,1979, 압구정동,"현대7차(73~77,82,85동)",196.7,4,451000,11680,11000,456
205,11680-422,2020-05,26,1980, 압구정동,현대8차(성수현대:91~95동),107.64,10,235000,11680,11000,481
206,11680-428,2020-05,26,1987, 압구정동,"현대14차(203,204,205,206동)",84.98,7,256000,11680,11000,447
207,11680-378,2020-05,28,1977, 압구정동,한양1차(영동한양),63.87,3,183000,11680,11000,490
208,11680-428,2020-05,28,1987, 압구정동,"현대14차(203,204,205,206동)",84.94,13,245000,11680,11000,447
209,11680-426,2020-05,28,1982, 압구정동,신현대12차,107.16,10,243000,11680,11000,434
210,11680-415,2020-05,28,1976, 압구정동,"현대1차(12,13,21,22,31,32,33동)",161.18,12,310000,11680,11000,369-1
211,11680-380,2020-05,29,1978, 압구정동,한양3,116.94,8,263400,11680,11000,489
212,11680-420,2020-05,30,1978, 압구정동,"현대6차(78~81,83,84,86,87동)",157.36,7,360000,11680,11000,456
213,11680-4090,2020-05,9,2012, 세곡동,세곡푸르지오,59.89,9,110000,11680,11100,533
214,11680-3964,2020-05,23,2011, 세곡동,강남신동아파밀리에2단지,84.97,9,116700,11680,11100,511
215,11680-4003,2020-05,23,2011, 세곡동,강남데시앙파크,84.95,5,115000,11680,11100,525
216,11680-4003,2020-05,23,2011, 세곡동,강남데시앙파크,114.69,8,132000,11680,11100,525
217,11680-4090,2020-05,27,2012, 세곡동,세곡푸르지오,74.74,15,123000,11680,11100,533
218,11680-4319,2020-05,1,2014, 자곡동,래미안강남힐즈,101.94,7,158000,11680,11200,611
219,11680-4332,2020-05,15,2014, 자곡동,엘에이치강남아이파크,84.92,3,144000,11680,11200,602
220,11680-4319,2020-05,22,2014, 자곡동,래미안강남힐즈,91.95,15,148500,11680,11200,611
221,11680-4341,2020-05,23,2014, 자곡동,엘에이치강남브리즈힐,74.44,8,93000,11680,11200,618
222,11680-310,2020-05,9,1984, 일원동,개포한신,107.6,11,175000,11680,11400,615-1
223,11680-311,2020-05,11,1987, 일원동,현대4,84.96,7,149000,11680,11400,614
224,11680-305,2020-05,14,1992, 일원동,수서,51.76,10,95500,11680,11400,711
225,11680-304,2020-05,18,1994, 일원동,샘터마을,134.438,14,200000,11680,11400,718
226,11680-306,2020-05,18,1987, 일원동,우성7,84.06,3,171500,11680,11400,615
227,11680-302,2020-05,20,1986, 일원동,삼성,61.35,4,110000,11680,11400,626
228,,2020-05,20,2018, 일원동,래미안 개포 루체하임,168.78,1,245000,11680,11400,741
229,11680-308,2020-05,22,1994, 일원동,푸른마을 아파트 101동~111동,84.93,5,148500,11680,11400,719
230,11680-306,2020-05,23,1987, 일원동,우성7,83.69,6,175000,11680,11400,615
231,11680-308,2020-05,23,1994, 일원동,푸른마을 아파트 101동~111동,84.93,5,145000,11680,11400,719
232,11680-305,2020-05,25,1992, 일원동,수서,39.98,2,83500,11680,11400,711
233,11680-308,2020-05,25,1994, 일원동,푸른마을 아파트 101동~111동,59.76,6,116000,11680,11400,719
234,11680-308,2020-05,29,1994, 일원동,푸른마을 아파트 101동~111동,84.93,5,148000,11680,11400,719
235,11680-314,2020-05,1,1993, 수서동,까치마을,34.44,13,79000,11680,11500,746
236,11680-316,2020-05,5,1997, 수서동,삼성,84.97,12,148700,11680,11500,747
237,11680-314,2020-05,14,1993, 수서동,까치마을,34.44,9,78500,11680,11500,746
238,11680-318,2020-05,14,1993, 수서동,수서한아름,97.63,9,143000,11680,11500,712
239,11680-316,2020-05,16,1997, 수서동,삼성,84.97,2,143500,11680,11500,747
240,11680-314,2020-05,19,1993, 수서동,까치마을,49.5,11,111250,11680,11500,746
241,11680-319,2020-05,19,1992, 수서동,신동아,39.51,15,90000,11680,11500,736
242,11680-314,2020-05,23,1993, 수서동,까치마을,49.5,4,110000,11680,11500,746
243,11680-318,2020-05,25,1993, 수서동,수서한아름,97.63,12,146000,11680,11500,712
244,11680-314,2020-05,28,1993, 수서동,까치마을,34.44,11,78000,11680,11500,746
245,11680-4510,2020-05,28,2016, 수서동,강남 더샵 포레스트,124.5802,10,232000,11680,11500,537
246,11680-314,2020-05,30,1993, 수서동,까치마을,39.6,6,89900,11680,11500,746
247,11680-317,2020-05,30,1992, 수서동,삼익,49.2,11,99500,11680,11500,708
248,11680-319,2020-05,30,1992, 수서동,신동아,49.96,11,105000,11680,11500,736
249,11680-331,2020-05,2,2001, 도곡동,삼성래미안,122.81,4,230000,11680,11800,91-5
250,11680-348,2020-05,4,2002, 도곡동,포스코트,209.03,4,245000,11680,11800,164-6
251,11680-3623,2020-05,4,2006, 도곡동,도곡렉슬,84.9984,16,230000,11680,11800,527
252,11680-470,2020-05,5,2004, 도곡동,타워팰리스3,141.381,24,265000,11680,11800,467-29
253,11680-3623,2020-05,5,2006, 도곡동,도곡렉슬,176.9924,21,390000,11680,11800,527
254,11680-364,2020-05,6,2002, 도곡동,타워팰리스1,164.97,27,280000,11680,11800,467
255,11680-365,2020-05,6,2003, 도곡동,타워팰리스2,156.5,41,290000,11680,11800,467-17
256,11680-364,2020-05,8,2002, 도곡동,타워팰리스1,164.97,43,298000,11680,11800,467
257,11680-3962,2020-05,8,1978, 도곡동,도곡쌍용예가,107.53,3,184800,11680,11800,933
258,11680-3623,2020-05,9,2006, 도곡동,도곡렉슬,59.9818,13,179000,11680,11800,527
259,11680-3623,2020-05,9,2006, 도곡동,도곡렉슬,120.8233,21,258500,11680,11800,527
260,11680-3623,2020-05,9,2006, 도곡동,도곡렉슬,84.9984,3,230000,11680,11800,527
261,11680-331,2020-05,11,2001, 도곡동,삼성래미안,84.76,20,190000,11680,11800,91-5
262,11680-3623,2020-05,11,2006, 도곡동,도곡렉슬,59.9937,11,160000,11680,11800,527
263,11680-470,2020-05,11,2004, 도곡동,타워팰리스3,185.622,63,350000,11680,11800,467-29
264,11680-339,2020-05,11,1986, 도곡동,역삼우성,84.83,14,148000,11680,11800,934-10
265,11680-327,2020-05,13,1995, 도곡동,럭키(963),84.97,3,140000,11680,11800,963
266,11680-354,2020-05,14,1999, 도곡동,현대비젼21,32.65,19,32000,11680,11800,467-19
267,11680-470,2020-05,14,2004, 도곡동,타워팰리스3,141.381,51,245000,11680,11800,467-29
268,11680-365,2020-05,14,2003, 도곡동,타워팰리스2,144.63,31,252000,11680,11800,467-17
269,11680-320,2020-05,15,2005, 도곡동,경남,59.76,5,140000,11680,11800,967
270,11680-3878,2020-05,15,2010, 도곡동,도곡지웰카운티 102동,125.49,4,183000,11680,11800,199-1
271,11680-328,2020-05,16,1999, 도곡동,매봉삼성,84.95,15,145000,11680,11800,966
272,11680-3623,2020-05,16,2006, 도곡동,도곡렉슬,120.8233,20,264500,11680,11800,527
273,11680-344,2020-05,16,1997, 도곡동,중명하니빌,46,4,41900,11680,11800,965
274,11680-327,2020-05,18,1995, 도곡동,럭키(963),84.97,2,150500,11680,11800,963
275,11680-3623,2020-05,18,2006, 도곡동,도곡렉슬,114.9931,19,290000,11680,11800,527
276,11680-340,2020-05,19,1998, 도곡동,우성캐릭터199,132.94,23,165000,11680,11800,467-24
277,11680-3623,2020-05,19,2006, 도곡동,도곡렉슬,119.8906,6,260000,11680,11800,527
278,11680-328,2020-05,20,1999, 도곡동,매봉삼성,84.95,5,139700,11680,11800,966
279,11680-470,2020-05,21,2004, 도곡동,타워팰리스3,163.702,23,290000,11680,11800,467-29
280,11680-3647,2020-05,22,2006, 도곡동,SK허브프리모,69.18,9,70000,11680,11800,953-1
281,11680-3681,2020-05,22,2006, 도곡동,도곡스타빌,53.81,3,46500,11680,11800,514-3
282,11680-337,2020-05,23,1985, 도곡동,우성4,84.6,5,190000,11680,11800,465
283,11680-4173,2020-05,23,2016, 도곡동,래미안도곡카운티,71.85,2,212000,11680,11800,538-3
284,11680-3623,2020-05,23,2006, 도곡동,도곡렉슬,119.8906,22,265000,11680,11800,527
285,11680-323,2020-05,25,1999, 도곡동,대림아크로빌,130.545,24,177000,11680,11800,467-6
286,11680-470,2020-05,25,2004, 도곡동,타워팰리스3,141.648,47,255000,11680,11800,467-29
287,11680-365,2020-05,25,2003, 도곡동,타워팰리스2,115.63,18,232000,11680,11800,467-17
288,11680-365,2020-05,26,2003, 도곡동,타워팰리스2,156.5,36,230000,11680,11800,467-17
289,11680-331,2020-05,27,2001, 도곡동,삼성래미안,122.81,6,239000,11680,11800,91-5
290,11680-349,2020-05,28,1985, 도곡동,한신(개포),52.73,7,155000,11680,11800,464
291,11680-365,2020-05,28,2003, 도곡동,타워팰리스2,159.44,24,283000,11680,11800,467-17
292,11680-364,2020-05,28,2002, 도곡동,타워팰리스1,174.67,26,220000,11680,11800,467
293,11680-364,2020-05,28,2002, 도곡동,타워팰리스1,164.97,26,283000,11680,11800,467
294,11680-327,2020-05,29,1995, 도곡동,럭키(963),84.97,15,164000,11680,11800,963
295,11680-331,2020-05,29,2001, 도곡동,삼성래미안,84.76,22,193500,11680,11800,91-5
296,11680-323,2020-05,30,1999, 도곡동,대림아크로빌,138.657,45,189000,11680,11800,467-6
297,11680-3600,2020-05,30,2005, 도곡동,파크힐,88.77,5,89500,11680,11800,550-1
298,11680-3623,2020-05,30,2006, 도곡동,도곡렉슬,84.9984,12,235000,11680,11800,527
299,11680-3623,2020-05,30,2006, 도곡동,도곡렉슬,59.9818,8,183000,11680,11800,527
300,11680-3647,2020-05,30,2006, 도곡동,SK허브프리모,67.57,12,78000,11680,11800,953-1
